year,pick,tm,player
1990,1,NJN,Derrick Coleman
1990,2,SEA,Gary Payton
1990,3,DEN,Mahmoud Abdul-Rauf
1990,4,ORL,Dennis Scott
1990,5,CHH,Kendall Gill
1990,6,MIN,Felton Spencer
1990,7,SAC,Lionel Simmons
1990,8,LAC,Bo Kimble
1990,9,MIA,Willie Burton
1990,10,ATL,Rumeal Robinson
1990,11,GSW,Tyrone Hill
1990,12,HOU,Alec Kessler
1990,13,LAC,Loy Vaught
1990,14,SAC,Travis Mays
1990,15,MIA,Dave Jamerson
1990,16,MIL,Terry Mills
1990,17,NYK,Jerrod Mustaf
1990,18,SAC,Duane Causwell
1990,19,BOS,Dee Brown
1990,20,MIN,Gerald Glass
1990,21,PHO,Jayson Williams
1990,22,NJN,Tate George
1990,23,SAC,Anthony Bonner
1990,24,SAS,Dwayne Schintzius
1990,25,POR,Alaa Abdelnaby
1990,26,DET,Lance Blanks
1990,27,LAL,Elden Campbell
1990,28,GSW,Les Jepsen
1990,29,CHI,Toni Kukoč
1990,30,MIA,Carl Herrera
1990,31,PHO,Negele Knight
1990,32,PHI,Brian Oliver
1990,33,UTA,Walter Palmer
1990,34,GSW,Kevin Pritchard
1990,35,WSB,Greg Foster
1990,36,ATL,Trevor Wilson
1990,37,WSB,A.J. English
1990,38,SEA,Jud Buechler
1990,39,CHH,Steve Scheffler
1990,40,SAC,Bimbo Coles
1990,41,ATL,Steve Bardo
1990,42,DEN,Marcus Liberty
1990,43,SAS,Tony Massenburg
1990,44,MIL,Steve Henson
1990,45,IND,Antonio Davis
1990,46,IND,Kenny Williams
1990,47,PHI,Derek Strong
1990,48,PHO,Cedric Ceballos
1990,49,DAL,Phil Henderson
1990,50,PHO,Miloš Babić
1990,51,LAL,Tony Smith
1990,52,CLE,Stefano Rusconi
1990,53,SEA,Abdul Shamsid-Deen
1990,54,SAS,Sean Higgins
1991,1,CHH,Larry Johnson
1991,2,NJN,Kenny Anderson
1991,3,SAC,Billy Owens
1991,4,DEN,Dikembe Mutombo
1991,5,MIA,Steve Smith
1991,6,DAL,Doug Smith
1991,7,MIN,Luc Longley
1991,8,DEN,Mark Macon
1991,9,ATL,Stacey Augmon
1991,10,ORL,Bison Dele
1991,11,CLE,Terrell Brandon
1991,12,NYK,Greg Anthony
1991,13,IND,Dale Davis
1991,14,SEA,Rich King
1991,15,ATL,Anthony Avent
1991,16,GSW,Chris Gatling
1991,17,GSW,Victor Alexander
1991,18,MIL,Kevin Brooks
1991,19,WSB,LaBradford Smith
1991,20,HOU,John Turner
1991,21,UTA,Eric Murdock
1991,22,LAC,LeRon Ellis
1991,23,ORL,Stanley Roberts
1991,24,BOS,Rick Fox
1991,25,GSW,Shaun Vandiver
1991,26,CHI,Mark Randall
1991,27,SAC,Pete Chilcutt
1991,28,CHH,Kevin Lynch
1991,29,MIA,George Ackles
1991,30,ATL,Rodney Monroe
1991,31,SAC,Randy Brown
1991,32,PHO,Chad Gallagher
1991,33,DAL,Donald Hodge
1991,34,MIN,Myron Brown
1991,35,DAL,Mike Iuzzolino
1991,36,ORL,Chris Corchiani
1991,37,LAC,Elliot Perry
1991,38,LAC,Joe Wylie
1991,39,CLE,Jimmy Oliver
1991,40,DET,Doug Overton
1991,41,IND,Sean Green
1991,42,SAC,Steve Hood
1991,43,GSW,Lamont Strothers
1991,44,PHI,Alvaro Teheran
1991,45,MIL,Bobby Phills
1991,46,PHO,Richard Dumas
1991,47,HOU,Keith Hughes
1991,48,UTA,Isaac Austin
1991,49,SAS,Greg Sutton
1991,50,PHO,Joey Wright
1991,51,HOU,Žan Tabak
1991,52,LAL,Anthony Jones
1991,53,NJN,Von McDade
1991,54,POR,Marcus Kennedy
1992,1,ORL,Shaquille O'Neal
1992,2,CHH,Alonzo Mourning
1992,3,MIN,Christian Laettner
1992,4,DAL,Jim Jackson
1992,5,DEN,LaPhonso Ellis
1992,6,WSB,Tom Gugliotta
1992,7,SAC,Walt Williams
1992,8,MIL,Todd Day
1992,9,PHI,Clarence Weatherspoon
1992,10,ATL,Adam Keefe
1992,11,HOU,Robert Horry
1992,12,MIA,Harold Miner
1992,13,DEN,Bryant Stith
1992,14,IND,Malik Sealy
1992,15,LAL,Anthony Peeler
1992,16,LAC,Randy Woods
1992,17,SEA,Doug Christie
1992,18,SAS,Tracy Murray
1992,19,DET,Don MacLean
1992,20,NYK,Hubert Davis
1992,21,BOS,Jon Barry
1992,22,PHO,Oliver Miller
1992,23,MIL,Lee Mayberry
1992,24,GSW,Latrell Sprewell
1992,25,LAC,Elmore Spencer
1992,26,POR,Dave Johnson
1992,27,CHI,Byron Houston
1992,28,MIN,Marlon Maxey
1992,29,NJN,P.J. Brown
1992,30,DAL,Sean Rooks
1992,31,POR,Reggie Smith
1992,32,WSB,Brent Price
1992,33,CHI,Corey Williams
1992,34,MIN,Chris Smith
1992,35,CHH,Tony Bennett
1992,36,LAL,Duane Cooper
1992,37,MIA,Isaiah Morris
1992,38,ATL,Elmer Bennett
1992,39,CHI,Litterial Green
1992,40,NJN,Steve Rogers
1992,41,HOU,Popeye Jones
1992,42,MIA,Matt Geiger
1992,43,GSW,Sasha Danilović
1992,44,SAS,Henry Williams
1992,45,SEA,Chris King
1992,46,DEN,Robert Werdann
1992,47,BOS,Darren Morningstar
1992,48,PHO,Brian Davis
1992,49,PHO,Ron Ellis
1992,50,GSW,Matt Fish
1992,51,MIN,Tim Burroughs
1992,52,CHI,Matt Steigenga
1992,53,HOU,Curtis Blair
1992,54,SAC,Brett Roberts
1993,1,ORL,Chris Webber
1993,2,PHI,Shawn Bradley
1993,3,GSW,Anfernee Hardaway
1993,4,DAL,Jamal Mashburn
1993,5,MIN,Isaiah Rider
1993,6,WSB,Calbert Cheaney
1993,7,SAC,Bobby Hurley
1993,8,MIL,Vin Baker
1993,9,DEN,Rodney Rogers
1993,10,DET,Lindsey Hunter
1993,11,DET,Allan Houston
1993,12,LAL,George Lynch
1993,13,LAC,Terry Dehere
1993,14,IND,Scott Haskin
1993,15,ATL,Doug Edwards
1993,16,NJN,Rex Walters
1993,17,CHH,Greg Graham
1993,18,UTA,Luther Wright
1993,19,BOS,Acie Earl
1993,20,CHH,Scott Burrell
1993,21,POR,James Robinson
1993,22,CLE,Chris Mills
1993,23,SEA,Ervin Johnson
1993,24,HOU,Sam Cassell
1993,25,CHI,Corie Blount
1993,26,ORL,Geert Hammink
1993,27,PHO,Malcolm Mackey
1993,28,DAL,Lucious Harris
1993,29,MIN,Sherron Mills
1993,30,WSB,Gheorghe Mureșan
1993,31,SAC,Evers Burns
1993,32,PHI,Alphonso Ford
1993,33,DAL,Eric Riley
1993,34,GSW,Darnell Mee
1993,35,MIA,Ed Stokes
1993,36,NJN,John Best
1993,37,LAL,Nick Van Exel
1993,38,WSB,Conrad McRae
1993,39,IND,Thomas Hill
1993,40,ATL,Rich Manning
1993,41,CHI,Anthony Reed
1993,42,SEA,Adonis Jordan
1993,43,DEN,Josh Grant
1993,44,SAC,Alex Holcombe
1993,45,UTA,Bryon Russell
1993,46,HOU,Richard Petruška
1993,47,SAS,Chris Whitney
1993,48,POR,Kevin Thompson
1993,49,PHO,Mark Buford
1993,50,HOU,Marcelo Nicola
1993,51,IND,Spencer Dunkley
1993,52,SAC,Mike Peplowski
1993,53,LAC,Leonard White
1993,54,PHO,Byron Wilson
1994,1,MIL,Glenn Robinson
1994,2,DAL,Jason Kidd
1994,3,DET,Grant Hill
1994,4,MIN,Donyell Marshall
1994,5,WSB,Juwan Howard
1994,6,PHI,Sharone Wright
1994,7,LAC,Lamond Murray
1994,8,SAC,Brian Grant
1994,9,BOS,Eric Montross
1994,10,LAL,Eddie Jones
1994,11,SEA,Carlos Rogers
1994,12,MIA,Khalid Reeves
1994,13,DEN,Jalen Rose
1994,14,NJN,Yinka Dare
1994,15,IND,Eric Piatkowski
1994,16,GSW,Clifford Rozier
1994,17,POR,Aaron McKie
1994,18,MIL,Eric Mobley
1994,19,DAL,Tony Dumas
1994,20,PHI,B.J. Tyler
1994,21,CHI,Dickey Simpkins
1994,22,SAS,Bill Curley
1994,23,PHO,Wesley Person
1994,24,NYK,Monty Williams
1994,25,LAC,Greg Minor
1994,26,NYK,Charlie Ward
1994,27,ORL,Brooks Thompson
1994,28,DAL,Deon Thomas
1994,29,PHO,Antonio Lang
1994,30,MIN,Howard Eisley
1994,31,ORL,Rodney Dent
1994,32,WSB,Jim McIlvaine
1994,33,PHI,Derrick Alston
1994,34,ATL,Gaylon Nickerson
1994,35,SAC,Michael Smith
1994,36,BOS,Andrei Fetisov
1994,37,SEA,Dontonio Wingfield
1994,38,CHH,Darrin Hancock
1994,39,GSW,Anthony Miller
1994,40,MIA,Jeff Webster
1994,41,IND,William Njoku
1994,42,CLE,Gary Collier
1994,43,POR,Shawnelle Scott
1994,44,IND,Damon Bailey
1994,45,GSW,Dwayne Morton
1994,46,MIL,Voshon Lenard
1994,47,UTA,Jamie Watson
1994,48,DET,Jevon Crudup
1994,49,CHI,Kris Bruton
1994,50,PHO,Charles Claxton
1994,51,SAC,Lawrence Funderburke
1994,52,PHO,Anthony Goldwire
1994,53,HOU,Albert Burditt
1994,54,SEA,Željko Rebrača
1995,1,GSW,Joe Smith
1995,2,LAC,Antonio McDyess
1995,3,PHI,Jerry Stackhouse
1995,4,WSB,Rasheed Wallace
1995,5,MIN,Kevin Garnett
1995,6,VAN,Bryant Reeves
1995,7,TOR,Damon Stoudamire
1995,8,POR,Shawn Respert
1995,9,NJN,Ed O'Bannon
1995,10,MIA,Kurt Thomas
1995,11,MIL,Gary Trent
1995,12,DAL,Cherokee Parks
1995,13,SAC,Corliss Williamson
1995,14,BOS,Eric Williams
1995,15,DEN,Brent Barry
1995,16,ATL,Alan Henderson
1995,17,CLE,Bob Sura
1995,18,DET,Theo Ratliff
1995,19,DET,Randolph Childress
1995,20,CHI,Jason Caffey
1995,21,PHO,Michael Finley
1995,22,CHH,George Zídek
1995,23,IND,Travis Best
1995,24,DAL,Loren Meyer
1995,25,ORL,David Vaughn
1995,26,SEA,Sherell Ford
1995,27,PHO,Mario Bennett
1995,28,UTA,Greg Ostertag
1995,29,SAS,Cory Alexander
1995,30,DET,Lou Roe
1995,31,CHI,Dragan Tarlać
1995,32,WSB,Terrence Rencher
1995,33,BOS,Junior Burrough
1995,34,GSW,Andrew DeClercq
1995,35,TOR,Jimmy King
1995,36,VAN,Lawrence Moten
1995,37,LAL,Frankie King
1995,38,MIL,Rashard Griffith
1995,39,CLE,Donny Marshall
1995,40,GSW,Dwayne Whitfield
1995,41,HOU,Erik Meek
1995,42,ATL,Donnie Boyce
1995,43,MIL,Eric Snow
1995,44,DEN,Anthony Pelle
1995,45,ATL,Troy Brown
1995,46,MIA,George Banks
1995,47,SAC,Tyus Edney
1995,48,MIN,Mark Davis
1995,49,MIN,Jerome Allen
1995,50,GSW,Martin Lewis
1995,51,SAC,Dejan Bodiroga
1995,52,IND,Fred Hoiberg
1995,53,LAC,Constantin Popa
1995,54,SEA,Eurelijus Žukauskas
1995,55,GSW,Michael McDonald
1995,56,PHO,Chris Carr
1995,57,ATL,Cuonzo Martin
1995,58,DET,Don Reid
1996,1,PHI,Allen Iverson
1996,2,TOR,Marcus Camby
1996,3,VAN,Shareef Abdur-Rahim
1996,4,MIL,Stephon Marbury
1996,5,MIN,Ray Allen
1996,6,BOS,Antoine Walker
1996,7,LAC,Lorenzen Wright
1996,8,NJN,Kerry Kittles
1996,9,DAL,Samaki Walker
1996,10,IND,Erick Dampier
1996,11,GSW,Todd Fuller
1996,12,CLE,Vitaly Potapenko
1996,13,CHH,Kobe Bryant
1996,14,SAC,Peja Stojaković
1996,15,PHO,Steve Nash
1996,16,CHH,Tony Delk
1996,17,POR,Jermaine O'Neal
1996,18,NYK,John Wallace
1996,19,NYK,Walter McCarty
1996,20,CLE,Zydrunas Ilgauskas
1996,21,NYK,Dontae' Jones
1996,22,VAN,Roy Rogers
1996,23,DEN,Efthimios Rentzias
1996,24,LAL,Derek Fisher
1996,25,UTA,Martin Müürsepp
1996,26,DET,Jerome Williams
1996,27,ORL,Brian Evans
1996,28,ATL,Priest Lauderdale
1996,29,CHI,Travis Knight
1996,30,HOU,Othella Harrington
1996,31,PHI,Mark Hendrickson
1996,32,PHI,Ryan Minor
1996,33,MIL,Moochie Norris
1996,34,DAL,Shawn Harvey
1996,35,SEA,Joseph Blair
1996,36,LAC,Doron Sheffer
1996,37,DEN,Jeff McInnis
1996,38,BOS,Steve Hamer
1996,39,PHO,Russ Millard
1996,40,GSW,Marcus Mann
1996,41,SAC,Jason Sasser
1996,42,HOU,Randy Livingston
1996,43,PHO,Ben Davis
1996,44,CHH,Malik Rose
1996,45,SEA,Joe Vogel
1996,46,POR,Marcus Brown
1996,47,SEA,Ron Riley
1996,48,PHI,Jamie Feick
1996,49,ORL,Amal McCaskill
1996,50,HOU,Terrell Bell
1996,51,VAN,Chris Robinson
1996,52,IND,Mark Pope
1996,53,MIL,Jeff Nordgaard
1996,54,UTA,Shandon Anderson
1996,55,WSB,Ronnie Henderson
1996,56,CLE,Reggie Geary
1996,57,SEA,Drew Barry
1996,58,DAL,Darnell Robinson
1997,1,SAS,Tim Duncan
1997,2,PHI,Keith Van Horn
1997,3,BOS,Chauncey Billups
1997,4,VAN,Antonio Daniels
1997,5,DEN,Tony Battie
1997,6,BOS,Ron Mercer
1997,7,NJN,Tim Thomas
1997,8,GSW,Adonal Foyle
1997,9,TOR,Tracy McGrady
1997,10,MIL,Danny Fortson
1997,11,SAC,Tariq Abdul-Wahad
1997,12,IND,Austin Croshere
1997,13,CLE,Derek Anderson
1997,14,LAC,Maurice Taylor
1997,15,DAL,Kelvin Cato
1997,16,CLE,Brevin Knight
1997,17,ORL,Johnny Taylor
1997,18,POR,Chris Anstey
1997,19,DET,Scot Pollard
1997,20,MIN,Paul Grant
1997,21,NJN,Anthony Parker
1997,22,ATL,Ed Gray
1997,23,SEA,Bobby Jackson
1997,24,HOU,Rodrick Rhodes
1997,25,NYK,John Thomas
1997,26,MIA,Charles Smith
1997,27,UTA,Jacque Vaughn
1997,28,CHI,Keith Booth
1997,30,HOU,Serge Zwikker
1997,31,MIA,Mark Sanford
1997,32,DET,Charles O'Bannon
1997,33,DEN,James Cotton
1997,34,PHI,Marko Milič
1997,35,DAL,Bubba Wells
1997,36,PHI,Kebu Stewart
1997,37,PHI,James Collins
1997,38,GSW,Marc Jackson
1997,39,MIL,Jerald Honeycutt
1997,40,SAC,Anthony Johnson
1997,41,SEA,Eddie Elisma
1997,42,DEN,Jason Lawson
1997,43,PHO,Stephen Jackson
1997,44,MIN,Gordon Malone
1997,45,CLE,Cedric Henderson
1997,46,WAS,God Shammgod
1997,47,ORL,Eric Washington
1997,48,POR,Alvin Williams
1997,49,WAS,Predrag Drobnjak
1997,50,ATL,Alain Digbeu
1997,51,ATL,Chris Crawford
1997,52,LAL,DeJuan Wheat
1997,53,VAN,C.J. Bruton
1997,54,LAL,Paul Rogers
1997,55,SEA,Mark Blount
1997,56,BOS,Ben Pepper
1997,57,UTA,Nate Erdmann
1997,58,CHI,Roberto Duenas
1998,1,LAC,Michael Olowokandi
1998,2,VAN,Mike Bibby
1998,3,DEN,Raef LaFrentz
1998,4,TOR,Antawn Jamison
1998,5,GSW,Vince Carter
1998,6,DAL,Robert Traylor
1998,7,SAC,Jason Williams
1998,8,PHI,Larry Hughes
1998,9,MIL,Dirk Nowitzki
1998,10,BOS,Paul Pierce
1998,11,DET,Bonzi Wells
1998,12,ORL,Michael Doleac
1998,13,ORL,Keon Clark
1998,14,HOU,Michael Dickerson
1998,15,ORL,Matt Harpring
1998,16,HOU,Bryce Drew
1998,17,MIN,Rasho Nesterović
1998,18,HOU,Mirsad Türkcan
1998,19,MIL,Pat Garrity
1998,20,ATL,Roshown McLeod
1998,21,CHH,Ricky Davis
1998,22,LAC,Brian Skinner
1998,23,DEN,Tyronn Lue
1998,24,SAS,Felipe López
1998,25,IND,Al Harrington
1998,26,LAL,Sam Jacobson
1998,27,SEA,Vladimir Stepania
1998,28,CHI,Corey Benjamin
1998,29,UTA,Nazr Mohammed
1998,30,DAL,Ansu Sesay
1998,31,LAL,Ruben Patterson
1998,32,SEA,Rashard Lewis
1998,33,SEA,Jelani McCoy
1998,34,CHI,Shammond Williams
1998,35,DAL,Bruno Šundov
1998,36,SAC,Jerome James
1998,37,PHI,Casey Shaw
1998,38,NYK,DeMarco Johnson
1998,39,MIL,Rafer Alston
1998,40,DET,Korleone Young
1998,41,HOU,Cuttino Mobley
1998,42,ORL,Miles Simon
1998,43,WAS,Jahidi White
1998,44,NYK,Sean Marks
1998,45,LAL,Toby Bailey
1998,46,MIN,Andrae Patterson
1998,47,TOR,Tyson Wheeler
1998,48,CLE,Ryan Stack
1998,49,ATL,Cory Carr
1998,50,CHH,Andrew Betts
1998,51,MIA,Corey Brewer
1998,52,SAS,Derrick Dial
1998,53,DAL,Greg Buckner
1998,54,DEN,Tremaine Fowlkes
1998,55,DEN,Ryan Bowen
1998,56,VAN,J.R. Henderson
1998,57,UTA,Torraye Braggs
1998,58,CHI,Maceo Baston
1999,1,CHI,Elton Brand
1999,2,VAN,Steve Francis
1999,3,CHH,Baron Davis
1999,4,LAC,Lamar Odom
1999,5,TOR,Jonathan Bender
1999,6,MIN,Wally Szczerbiak
1999,7,WAS,Richard Hamilton
1999,8,CLE,Andre Miller
1999,9,PHO,Shawn Marion
1999,10,ATL,Jason Terry
1999,11,CLE,Trajan Langdon
1999,12,TOR,Aleksandar Radojević
1999,13,SEA,Corey Maggette
1999,14,MIN,William Avery
1999,15,NYK,Frédéric Weis
1999,16,CHI,Metta World Peace
1999,17,ATL,Cal Bowdler
1999,18,DEN,James Posey
1999,19,UTA,Quincy Lewis
1999,20,ATL,Dion Glover
1999,21,GSW,Jeff Foster
1999,22,HOU,Kenny Thomas
1999,23,LAL,Devean George
1999,24,UTA,Andrei Kirilenko
1999,25,MIA,Tim James
1999,26,IND,Vonteego Cummings
1999,27,ATL,Jumaine Jones
1999,28,UTA,Scott Padgett
1999,29,SAS,Leon Smith
1999,30,LAL,John Celestand
1999,31,LAC,Rico Hill
1999,32,CHI,Michael Ruffin
1999,33,DEN,Chris Herren
1999,34,NJN,Evan Eschmeyer
1999,35,WAS,Calvin Booth
1999,36,DAL,Wang Zhizhi
1999,37,VAN,Obinna Ekezie
1999,38,ORL,Laron Profit
1999,39,CLE,A.J. Bramlett
1999,40,DAL,Gordan Giriček
1999,41,DEN,Francisco Elson
1999,42,MIN,Louis Bullock
1999,43,CHH,Lee Nailon
1999,44,HOU,Tyrone Washington
1999,45,SAC,Ryan Robertson
1999,46,NYK,J.R. Koch
1999,47,PHI,Todd MacCulloch
1999,48,MIL,Galen Young
1999,49,CHI,Lari Ketner
1999,50,HOU,Venson Hamilton
1999,51,VAN,Antwain Smith
1999,52,POR,Roberto Bergersen
1999,53,MIA,Rodney Buford
1999,54,DET,Melvin Levett
1999,55,BOS,Kris Clack
1999,56,GSW,Tim Young
1999,57,SAS,Manu Ginóbili
1999,58,UTA,Eddie Lucas
2000,1,NJN,Kenyon Martin
2000,2,VAN,Stromile Swift
2000,3,LAC,Darius Miles
2000,4,CHI,Marcus Fizer
2000,5,ORL,Mike Miller
2000,6,ATL,DerMarr Johnson
2000,7,CHI,Chris Mihm
2000,8,CLE,Jamal Crawford
2000,9,HOU,Joel Przybilla
2000,10,ORL,Keyon Dooling
2000,11,BOS,Jérôme Moïso
2000,12,DAL,Etan Thomas
2000,13,ORL,Courtney Alexander
2000,14,DET,Mateen Cleaves
2000,15,MIL,Jason Collier
2000,16,SAC,Hedo Türkoğlu
2000,17,SEA,Desmond Mason
2000,18,LAC,Quentin Richardson
2000,19,CHH,Jamaal Magloire
2000,20,PHI,Speedy Claxton
2000,21,TOR,Morris Peterson
2000,22,NYK,Donnell Harvey
2000,23,UTA,DeShawn Stevenson
2000,24,CHI,Dalibor Bagarić
2000,25,PHO,Jake Tsakalidis
2000,26,DEN,Mamadou N'Diaye
2000,27,IND,Primož Brezec
2000,28,POR,Erick Barkley
2000,29,LAL,Mark Madsen
2000,30,LAC,Marko Jarić
2000,31,DAL,Dan Langhi
2000,32,CHI,A.J. Guyton
2000,33,CHI,Jake Voskuhl
2000,34,CHI,Khalid El-Amin
2000,35,WAS,Mike Smith
2000,36,NJN,Soumaila Samake
2000,37,MIA,Eddie House
2000,38,HOU,Eduardo Nájera
2000,39,NYK,Lavor Postell
2000,40,ATL,Hanno Möttölä
2000,41,SAS,Chris Carrawell
2000,42,SEA,Olumide Oyedeji
2000,43,MIL,Michael Redd
2000,44,DET,Brian Cardinal
2000,45,SAC,Jabari Smith
2000,46,TOR,DeeAndre Hulett
2000,47,SEA,Josip Sesar
2000,48,PHI,Mark Karcher
2000,49,MIL,Jason Hart
2000,50,UTA,Kaniel Dickens
2000,51,MIN,Igor Rakočević
2000,52,MIA,Ernest Brown
2000,53,DEN,Dan McClintock
2000,54,SAS,Cory Hightower
2000,55,GSW,Chris Porter
2000,56,IND,Jaquay Walls
2000,57,ATL,Scoonie Penn
2000,58,DAL,Pete Mickeal
2001,1,WAS,Kwame Brown
2001,2,LAC,Tyson Chandler
2001,3,ATL,Pau Gasol
2001,4,CHI,Eddy Curry
2001,5,GSW,Jason Richardson
2001,6,MEM,Shane Battier
2001,7,NJN,Eddie Griffin
2001,8,CLE,DeSagana Diop
2001,9,DET,Rodney White
2001,10,BOS,Joe Johnson
2001,11,BOS,Kedrick Brown
2001,12,SEA,Vladimir Radmanović
2001,13,HOU,Richard Jefferson
2001,14,GSW,Troy Murphy
2001,15,ORL,Steven Hunter
2001,16,CHH,Kirk Haston
2001,17,TOR,Michael Bradley
2001,18,HOU,Jason Collins
2001,19,POR,Zach Randolph
2001,20,CLE,Brendan Haywood
2001,21,BOS,Joseph Forte
2001,22,ORL,Jeryl Sasser
2001,23,HOU,Brandon Armstrong
2001,24,UTA,Raül López
2001,25,SAC,Gerald Wallace
2001,26,PHI,Samuel Dalembert
2001,27,MEM,Jamaal Tinsley
2001,28,SAS,Tony Parker
2001,30,CHI,Trenton Hassell
2001,31,GSW,Gilbert Arenas
2001,32,ORL,Omar Cook
2001,33,MEM,Will Solomon
2001,34,ATL,Terence Morris
2001,35,NJN,Brian Scalabrine
2001,36,CLE,Jeff Trepagnier
2001,37,PHI,Damone Brown
2001,38,DET,Mehmet Okur
2001,39,NYK,Michael Wright
2001,40,SEA,Earl Watson
2001,41,IND,Jamison Brewer
2001,42,SEA,Bobby Simmons
2001,43,NYK,Eric Chenowith
2001,44,DAL,Kyle Hill
2001,45,CHI,Sean Lampley
2001,46,MIN,Loren Woods
2001,47,DEN,Ousmane Cisse
2001,48,MEM,Antonis Fotsis
2001,49,MIA,Ken Johnson
2001,50,POR,Ruben Boumtje-Boumtje
2001,51,PHO,Alton Ford
2001,52,MIL,Andre Hutson
2001,53,UTA,Jarron Collins
2001,54,DAL,Kenny Satterfield
2001,55,SAC,Maurice Jeffers
2001,56,SAS,Robertas Javtokas
2001,57,PHI,Alvin Jones
2001,58,SAS,Bryan Bracey
2002,1,HOU,Yao Ming
2002,2,CHI,Jay Williams
2002,3,GSW,Mike Dunleavy
2002,4,MEM,Drew Gooden
2002,5,DEN,Nikoloz Tskitishvili
2002,6,CLE,Dajuan Wagner
2002,7,NYK,Nenê
2002,8,LAC,Chris Wilcox
2002,9,PHO,Amar'e Stoudemire
2002,10,MIA,Caron Butler
2002,11,WAS,Jared Jeffries
2002,12,LAC,Melvin Ely
2002,13,MIL,Marcus Haislip
2002,14,IND,Fred Jones
2002,15,HOU,Boštjan Nachbar
2002,16,PHI,Jiří Welsch
2002,17,WAS,Juan Dixon
2002,18,ORL,Curtis Borchardt
2002,19,UTA,Ryan Humphrey
2002,20,TOR,Kareem Rush
2002,21,POR,Qyntel Woods
2002,22,PHO,Casey Jacobsen
2002,23,DET,Tayshaun Prince
2002,24,NJN,Nenad Krstić
2002,25,DEN,Frank Williams
2002,26,SAS,John Salmons
2002,27,LAL,Chris Jefferies
2002,28,SAC,Dan Dickau
2002,30,GSW,Steve Logan
2002,31,CHI,Roger Mason
2002,32,MEM,Robert Archibald
2002,33,DEN,Vincent Yarbrough
2002,34,MIL,Dan Gadzuric
2002,35,CLE,Carlos Boozer
2002,36,NYK,Milos Vujanic
2002,37,ATL,David Andersen
2002,38,HOU,Tito Maddox
2002,39,WAS,Rod Grizzard
2002,40,WAS,Juan Carlos Navarro
2002,41,LAC,Mario Kasun
2002,42,MIL,Ronald Murray
2002,43,POR,Jason Jennings
2002,44,CHI,Lonny Baxter
2002,45,PHI,Sam Clancy
2002,46,MEM,Matt Barnes
2002,47,UTA,Jamal Sampson
2002,48,MIL,Chris Owens
2002,49,SEA,Peter Fehse
2002,50,BOS,Darius Songaila
2002,51,POR,Federico Kammerichs
2002,52,MIN,Marcus Taylor
2002,53,MIA,Rasual Butler
2002,54,NJN,Tamar Slay
2002,55,DAL,Mladen Sekularac
2002,56,SAS,Luis Scola
2002,57,SAS,Randy Holcomb
2002,58,SAC,Corsley Edwards
2003,1,CLE,LeBron James
2003,2,DET,Darko Miličić
2003,3,DEN,Carmelo Anthony
2003,4,TOR,Chris Bosh
2003,5,MIA,Dwyane Wade
2003,6,LAC,Chris Kaman
2003,7,CHI,Kirk Hinrich
2003,8,MIL,T.J. Ford
2003,9,NYK,Mike Sweetney
2003,10,WAS,Jarvis Hayes
2003,11,GSW,Mickaël Piétrus
2003,12,SEA,Nick Collison
2003,13,MEM,Marcus Banks
2003,14,SEA,Luke Ridnour
2003,15,ORL,Reece Gaines
2003,16,BOS,Troy Bell
2003,17,PHO,Žarko Čabarkapa
2003,18,NOH,David West
2003,19,UTA,Sasha Pavlović
2003,20,BOS,Dahntay Jones
2003,21,ATL,Boris Diaw
2003,22,NJN,Zoran Planinić
2003,23,POR,Travis Outlaw
2003,24,LAL,Brian Cook
2003,25,DET,Carlos Delfino
2003,26,MIN,Ndudi Ebi
2003,27,MEM,Kendrick Perkins
2003,28,SAS,Leandro Barbosa
2003,29,DAL,Josh Howard
2003,30,NYK,Maciej Lampe
2003,31,CLE,Jason Kapono
2003,32,LAL,Luke Walton
2003,33,MIA,Jerome Beasley
2003,34,LAC,Sofoklis Schortsanitis
2003,35,MIL,Szymon Szewczyk
2003,36,CHI,Mario Austin
2003,37,ATL,Travis Hansen
2003,38,WAS,Steve Blake
2003,39,NYK,Slavko Vraneš
2003,40,GSW,Derrick Zimmerman
2003,41,SEA,Willie Green
2003,42,ORL,Zaza Pachulia
2003,43,MIL,Keith Bogans
2003,44,HOU,Malick Badiane
2003,45,CHI,Matt Bonner
2003,46,DEN,Sani Bečirovič
2003,47,UTA,Mo Williams
2003,48,NOH,James Lang
2003,49,IND,James Jones
2003,50,PHI,Paccelis Morlende
2003,51,NJN,Kyle Korver
2003,52,TOR,Remon van de Hare
2003,53,CHI,Tommy Smith
2003,54,POR,Nedžad Sinanović
2003,55,MIN,Rick Rickert
2003,56,BOS,Brandon Hunter
2003,57,DAL,Xue Yuyang
2003,58,DET,Andreas Glyniadakis
2004,1,ORL,Dwight Howard
2004,2,CHA,Emeka Okafor
2004,3,CHI,Ben Gordon
2004,4,LAC,Shaun Livingston
2004,5,WAS,Devin Harris
2004,6,ATL,Josh Childress
2004,7,PHO,Luol Deng
2004,8,TOR,Rafael Araújo
2004,9,PHI,Andre Iguodala
2004,10,CLE,Luke Jackson
2004,11,GSW,Andris Biedriņš
2004,12,SEA,Robert Swift
2004,13,POR,Sebastian Telfair
2004,14,UTA,Kris Humphries
2004,15,BOS,Al Jefferson
2004,16,UTA,Kirk Snyder
2004,17,ATL,Josh Smith
2004,18,NOH,J.R. Smith
2004,19,MIA,Dorell Wright
2004,20,DEN,Jameer Nelson
2004,21,UTA,Pavel Podkolzin
2004,22,NJN,Viktor Khryapa
2004,23,POR,Sergei Monia
2004,24,BOS,Delonte West
2004,25,BOS,Tony Allen
2004,26,SAC,Kevin Martin
2004,27,LAL,Sasha Vujačić
2004,28,SAS,Beno Udrih
2004,29,IND,David Harrison
2004,30,ORL,Anderson Varejão
2004,31,CHI,Jackson Vroman
2004,32,WAS,Peter John Ramos
2004,33,LAC,Lionel Chalmers
2004,34,ATL,Donta Smith
2004,35,SEA,Andre Emmett
2004,36,ORL,Antonio Burks
2004,37,ATL,Royal Ivey
2004,38,CHI,Chris Duhon
2004,39,TOR,Albert Miralles
2004,40,BOS,Justin Reed
2004,41,SEA,David Young
2004,42,ATL,Viktor Sanikidze
2004,43,NYK,Trevor Ariza
2004,44,NOH,Tim Pickett
2004,45,CHA,Bernard Robinson
2004,46,POR,Ha Seung-Jin
2004,47,MIA,Pape Sow
2004,48,SAC,Ricky Minard
2004,49,MEM,Sergei Lishouk
2004,50,DAL,Vassilis Spanoulis
2004,51,NJN,Christian Drejer
2004,52,SAS,Romain Sato
2004,53,MIA,Matt Freije
2004,54,DET,Rickey Paulding
2004,55,HOU,Luis Flores
2004,56,LAL,Marcus Douthit
2004,57,SAS,Sergei Karaulov
2004,58,MIN,Blake Stepp
2004,59,IND,Rashad Wright
2005,1,MIL,Andrew Bogut
2005,2,ATL,Marvin Williams
2005,3,UTA,Deron Williams
2005,4,NOH,Chris Paul
2005,5,CHA,Raymond Felton
2005,6,POR,Martell Webster
2005,7,TOR,Charlie Villanueva
2005,8,NYK,Channing Frye
2005,9,GSW,Ike Diogu
2005,10,LAL,Andrew Bynum
2005,11,ORL,Fran Vázquez
2005,12,LAC,Yaroslav Korolev
2005,13,CHA,Sean May
2005,14,MIN,Rashad McCants
2005,15,NJN,Antoine Wright
2005,16,TOR,Joey Graham
2005,17,IND,Danny Granger
2005,18,BOS,Gerald Green
2005,19,MEM,Hakim Warrick
2005,20,DEN,Julius Hodge
2005,21,PHO,Nate Robinson
2005,22,DEN,Jarrett Jack
2005,23,SAC,Francisco García
2005,24,HOU,Luther Head
2005,25,SEA,Johan Petro
2005,26,DET,Jason Maxiell
2005,27,POR,Linas Kleiza
2005,28,SAS,Ian Mahinmi
2005,29,MIA,Wayne Simien
2005,30,NYK,David Lee
2005,31,ATL,Salim Stoudamire
2005,32,LAC,Daniel Ewing
2005,33,NOH,Brandon Bass
2005,34,UTA,C.J. Miles
2005,35,POR,Ricky Sánchez
2005,36,MIL,Ersan İlyasova
2005,37,LAL,Ronny Turiaf
2005,38,ORL,Travis Diener
2005,39,LAL,Von Wafer
2005,40,GSW,Monta Ellis
2005,41,TOR,Roko Ukić
2005,42,GSW,Chris Taft
2005,43,NJN,Mile Ilić
2005,44,ORL,Martynas Andriuškevičius
2005,45,PHI,Lou Williams
2005,46,IND,Erazem Lorbek
2005,47,MIN,Bracey Wright
2005,48,SEA,Mickaël Gelabale
2005,49,WAS,Andray Blatche
2005,50,BOS,Ryan Gomes
2005,51,UTA,Robert Whaley
2005,52,DEN,Axel Hervelle
2005,53,BOS,Orien Greene
2005,54,NYK,Dijon Thompson
2005,55,SEA,Lawrence Roberts
2005,56,DET,Amir Johnson
2005,57,PHO,Marcin Gortat
2005,58,TOR,Uroš Slokar
2005,59,ATL,Cenk Akyol
2005,60,DET,Alex Acker
2006,1,TOR,Andrea Bargnani
2006,2,CHI,LaMarcus Aldridge
2006,3,CHA,Adam Morrison
2006,4,POR,Tyrus Thomas
2006,5,ATL,Shelden Williams
2006,6,MIN,Brandon Roy
2006,7,BOS,Randy Foye
2006,8,HOU,Rudy Gay
2006,9,GSW,Patrick O'Bryant
2006,10,SEA,Mouhamed Sene
2006,11,ORL,JJ Redick
2006,12,NOK,Hilton Armstrong
2006,13,PHI,Thabo Sefolosha
2006,14,UTA,Ronnie Brewer
2006,15,NOK,Cedric Simmons
2006,16,CHI,Rodney Carney
2006,17,IND,Shawne Williams
2006,18,WAS,Oleksiy Pecherov
2006,19,SAC,Quincy Douby
2006,20,NYK,Renaldo Balkman
2006,21,PHO,Rajon Rondo
2006,22,NJN,Marcus Williams
2006,23,NJN,Josh Boone
2006,24,MEM,Kyle Lowry
2006,25,CLE,Shannon Brown
2006,26,LAL,Jordan Farmar
2006,27,PHO,Sergio Rodríguez
2006,28,DAL,Maurice Ager
2006,29,NYK,Mardy Collins
2006,30,POR,Joel Freeland
2006,31,POR,James White
2006,32,HOU,Steve Novak
2006,33,ATL,Solomon Jones
2006,34,LAC,Paul Davis
2006,35,TOR,P.J. Tucker
2006,36,MIN,Craig Smith
2006,37,MIN,Bobby Jones
2006,38,GSW,Kosta Perović
2006,39,MIL,David Noel
2006,40,SEA,Denham Brown
2006,41,ORL,James Augustine
2006,42,CLE,Daniel Gibson
2006,43,NOK,Marcus Vinicius
2006,44,ORL,Lior Eliyahu
2006,45,IND,Alexander Johnson
2006,46,UTA,Dee Brown
2006,47,UTA,Paul Millsap
2006,48,WAS,Vladimir Veremeenko
2006,49,DEN,Leon Powe
2006,50,CHA,Ryan Hollins
2006,51,LAL,Cheikh Samb
2006,52,LAC,Guillermo Díaz
2006,53,SEA,Yotam Halperin
2006,54,NJN,Hassan Adams
2006,55,CLE,Ejike Ugboaja
2006,56,TOR,Edin Bavčić
2006,57,MIN,Loukas Mavrokefalidis
2006,58,DAL,J.R. Pinnock
2006,59,SAS,Damir Markota
2006,60,DET,Will Blalock
2007,1,POR,Greg Oden
2007,2,SEA,Kevin Durant
2007,3,ATL,Al Horford
2007,4,MEM,Mike Conley
2007,5,BOS,Jeff Green
2007,6,MIL,Yi Jianlian
2007,7,MIN,Corey Brewer
2007,8,CHA,Brandan Wright
2007,9,CHI,Joakim Noah
2007,10,SAC,Spencer Hawes
2007,11,ATL,Acie Law
2007,12,PHI,Thaddeus Young
2007,13,NOK,Julian Wright
2007,14,LAC,Al Thornton
2007,15,DET,Rodney Stuckey
2007,16,WAS,Nick Young
2007,17,NJN,Sean Williams
2007,18,GSW,Marco Belinelli
2007,19,LAL,Javaris Crittenton
2007,20,MIA,Jason Smith
2007,21,PHI,Daequan Cook
2007,22,CHA,Jared Dudley
2007,23,NYK,Wilson Chandler
2007,24,PHO,Rudy Fernández
2007,25,UTA,Morris Almond
2007,26,HOU,Aaron Brooks
2007,27,DET,Arron Afflalo
2007,28,SAS,Tiago Splitter
2007,29,PHO,Alando Tucker
2007,30,PHI,Petteri Koponen
2007,31,SEA,Carl Landry
2007,32,BOS,Gabe Pruitt
2007,33,SAS,Marcus Williams
2007,34,DAL,Nick Fazekas
2007,35,SEA,Glen Davis
2007,36,GSW,Jermareo Davidson
2007,37,POR,Josh McRoberts
2007,38,PHI,Kyrylo Fesenko
2007,39,MIA,Stanko Barać
2007,40,LAL,Sun Yue
2007,41,MIN,Chris Richard
2007,42,POR,Derrick Byars
2007,43,NOK,Adam Haluska
2007,44,ORL,Reyshawn Terry
2007,45,LAC,Jared Jordan
2007,46,GSW,Stéphane Lasme
2007,47,WAS,Dominic McGuire
2007,48,LAL,Marc Gasol
2007,49,CHI,Aaron Gray
2007,50,DAL,Renaldas Seibutis
2007,51,CHI,JamesOn Curry
2007,52,POR,Taurean Green
2007,53,POR,Demetris Nichols
2007,54,HOU,Brad Newley
2007,55,UTA,Herbert Hill
2007,56,MIL,Ramon Sessions
2007,57,DET,Sammy Mejia
2007,58,SAS,Georgios Printezis
2007,59,PHO,D.J. Strawberry
2007,60,DAL,Milovan Raković
2008,1,CHI,Derrick Rose
2008,2,MIA,Michael Beasley
2008,3,MIN,O.J. Mayo
2008,4,SEA,Russell Westbrook
2008,5,MEM,Kevin Love
2008,6,NYK,Danilo Gallinari
2008,7,LAC,Eric Gordon
2008,8,MIL,Joe Alexander
2008,9,CHA,D.J. Augustin
2008,10,NJN,Brook Lopez
2008,11,IND,Jerryd Bayless
2008,12,SAC,Jason Thompson
2008,13,POR,Brandon Rush
2008,14,GSW,Anthony Randolph
2008,15,PHO,Robin Lopez
2008,16,PHI,Marreese Speights
2008,17,TOR,Roy Hibbert
2008,18,WAS,JaVale McGee
2008,19,CLE,J.J. Hickson
2008,20,CHA,Alexis Ajinça
2008,21,NJN,Ryan Anderson
2008,22,ORL,Courtney Lee
2008,23,UTA,Kosta Koufos
2008,24,SEA,Serge Ibaka
2008,25,HOU,Nicolas Batum
2008,26,SAS,George Hill
2008,27,NOH,Darrell Arthur
2008,28,MEM,Donté Greene
2008,29,DET,D.J. White
2008,30,BOS,J.R. Giddens
2008,31,MIN,Nikola Peković
2008,32,SEA,Walter Sharpe
2008,33,POR,Joey Dorsey
2008,34,MIN,Mario Chalmers
2008,35,LAC,DeAndre Jordan
2008,36,POR,Ömer Aşık
2008,37,MIL,Luc Mbah a Moute
2008,38,CHA,Kyle Weaver
2008,39,CHI,Sonny Weems
2008,40,NJN,Chris Douglas-Roberts
2008,41,IND,Nathan Jawai
2008,42,SAC,Sean Singletary
2008,43,SAC,Patrick Ewing
2008,44,UTA,Ante Tomić
2008,45,SAS,Goran Dragić
2008,46,SEA,Trent Plaisted
2008,47,WAS,Henry Walker
2008,48,PHO,Malik Hairston
2008,49,GSW,Richard Hendrix
2008,50,SEA,DeVon Hardin
2008,51,DAL,Shan Foster
2008,52,MIA,Darnell Jackson
2008,53,UTA,Tadija Dragićević
2008,54,HOU,Maarty Leunen
2008,55,POR,Mike Taylor
2008,56,SEA,Sasha Kaun
2008,57,SAS,James Gist
2008,58,LAL,Joe Crawford
2008,59,DET,Deron Washington
2008,60,BOS,Semih Erden
2009,1,LAC,Blake Griffin
2009,2,MEM,Hasheem Thabeet
2009,3,OKC,James Harden
2009,4,SAC,Tyreke Evans
2009,5,MIN,Ricky Rubio
2009,6,MIN,Jonny Flynn
2009,7,GSW,Stephen Curry
2009,8,NYK,Jordan Hill
2009,9,TOR,DeMar DeRozan
2009,10,MIL,Brandon Jennings
2009,11,NJN,Terrence Williams
2009,12,CHA,Gerald Henderson
2009,13,IND,Tyler Hansbrough
2009,14,PHO,Earl Clark
2009,15,DET,Austin Daye
2009,16,CHI,James Johnson
2009,17,PHI,Jrue Holiday
2009,18,MIN,Ty Lawson
2009,19,ATL,Jeff Teague
2009,20,UTA,Eric Maynor
2009,21,NOH,Darren Collison
2009,22,POR,Víctor Claver
2009,23,SAC,Omri Casspi
2009,24,DAL,Byron Mullens
2009,25,OKC,Rodrigue Beaubois
2009,26,CHI,Taj Gibson
2009,27,MEM,DeMarre Carroll
2009,28,MIN,Wayne Ellington
2009,29,LAL,Toney Douglas
2009,30,CLE,Christian Eyenga
2009,31,SAC,Jeff Ayres
2009,32,WAS,Jermaine Taylor
2009,33,POR,Dante Cunningham
2009,34,DEN,Sergio Llull
2009,35,DET,DaJuan Summers
2009,36,MEM,Sam Young
2009,37,SAS,DeJuan Blair
2009,38,POR,Jon Brockman
2009,39,DET,Jonas Jerebko
2009,40,CHA,Derrick Brown
2009,41,MIL,Jodie Meeks
2009,42,LAL,Patrick Beverley
2009,43,MIA,Marcus Thornton
2009,44,DET,Chase Budinger
2009,45,MIN,Nick Calathes
2009,46,CLE,Danny Green
2009,47,MIN,Henk Norel
2009,48,PHO,Taylor Griffin
2009,49,ATL,Sergiy Gladyr
2009,50,UTA,Goran Suton
2009,51,SAS,Jack McClinton
2009,52,IND,A.J. Price
2009,53,SAS,Nando De Colo
2009,54,CHA,Robert Vaden
2009,55,POR,Patty Mills
2009,56,DAL,Ahmad Nivins
2009,57,PHO,Emir Preldžić
2009,58,BOS,Lester Hudson
2009,59,LAL,Chinemelu Elonu
2009,60,MIA,Robert Dozier
2010,1,WAS,John Wall
2010,2,PHI,Evan Turner
2010,3,NJN,Derrick Favors
2010,4,MIN,Wesley Johnson
2010,5,SAC,DeMarcus Cousins
2010,6,GSW,Ekpe Udoh
2010,7,DET,Greg Monroe
2010,8,LAC,Al-Farouq Aminu
2010,9,UTA,Gordon Hayward
2010,10,IND,Paul George
2010,11,NOH,Cole Aldrich
2010,12,MEM,Xavier Henry
2010,13,TOR,Ed Davis
2010,14,HOU,Patrick Patterson
2010,15,MIL,Larry Sanders
2010,16,MIN,Luke Babbitt
2010,17,CHI,Kevin Séraphin
2010,18,OKC,Eric Bledsoe
2010,19,BOS,Avery Bradley
2010,20,SAS,James Anderson
2010,21,OKC,Craig Brackins
2010,22,POR,Elliot Williams
2010,23,MIN,Trevor Booker
2010,24,ATL,Damion James
2010,25,MEM,Dominique Jones
2010,26,OKC,Quincy Pondexter
2010,27,NJN,Jordan Crawford
2010,28,MEM,Greivis Vásquez
2010,29,ORL,Daniel Orton
2010,30,WAS,Lazar Hayward
2010,31,NJN,Tibor Pleiß
2010,32,MIA,Dexter Pittman
2010,33,SAC,Hassan Whiteside
2010,34,POR,Armon Johnson
2010,35,WAS,Nemanja Bjelica
2010,36,DET,Terrico White
2010,37,MIL,Darington Hobson
2010,38,NYK,Andy Rautins
2010,39,NYK,Landry Fields
2010,40,IND,Lance Stephenson
2010,41,MIA,Jarvis Varnado
2010,42,MIA,Da'Sean Butler
2010,43,LAL,Devin Ebanks
2010,44,MIL,Jerome Jordan
2010,45,MIN,Paulão Prestes
2010,46,PHO,Gani Lawal
2010,47,MIL,Tiny Gallon
2010,48,MIA,Latavious Williams
2010,49,SAS,Ryan Richards
2010,50,DAL,Solomon Alabi
2010,51,OKC,Magnum Rolle
2010,52,BOS,Luke Harangody
2010,53,ATL,Pape Sy
2010,54,LAC,Willie Warren
2010,55,UTA,Jeremy Evans
2010,56,MIN,Hamady N'Diaye
2010,57,IND,Ryan Reid
2010,58,LAL,Derrick Caracter
2010,59,ORL,Stanley Robinson
2010,60,PHO,Dwayne Collins
2011,1,CLE,Kyrie Irving
2011,2,MIN,Derrick Williams
2011,3,UTA,Enes Freedom
2011,4,CLE,Tristan Thompson
2011,5,TOR,Jonas Valančiūnas
2011,6,WAS,Jan Veselý
2011,7,SAC,Bismack Biyombo
2011,8,DET,Brandon Knight
2011,9,CHA,Kemba Walker
2011,10,MIL,Jimmer Fredette
2011,11,GSW,Klay Thompson
2011,12,UTA,Alec Burks
2011,13,PHO,Markieff Morris
2011,14,HOU,Marcus Morris
2011,15,IND,Kawhi Leonard
2011,16,PHI,Nikola Vučević
2011,17,NYK,Iman Shumpert
2011,18,WAS,Chris Singleton
2011,19,CHA,Tobias Harris
2011,20,MIN,Donatas Motiejūnas
2011,21,POR,Nolan Smith
2011,22,DEN,Kenneth Faried
2011,23,HOU,Nikola Mirotić
2011,24,OKC,Reggie Jackson
2011,25,BOS,MarShon Brooks
2011,26,DAL,Jordan Hamilton
2011,27,NJN,JaJuan Johnson
2011,28,CHI,Norris Cole
2011,29,SAS,Cory Joseph
2011,30,CHI,Jimmy Butler
2011,31,MIA,Bojan Bogdanović
2011,32,CLE,Justin Harper
2011,33,DET,Kyle Singler
2011,34,WAS,Shelvin Mack
2011,35,SAC,Tyler Honeycutt
2011,36,NJN,Jordan Williams
2011,37,LAC,Trey Thompkins
2011,38,HOU,Chandler Parsons
2011,39,CHA,Jeremy Tyler
2011,40,MIL,Jon Leuer
2011,41,LAL,Darius Morris
2011,42,IND,Dāvis Bertāns
2011,43,CHI,Malcolm Lee
2011,44,GSW,Charles Jenkins
2011,45,NOH,Josh Harrellson
2011,46,LAL,Andrew Goudelock
2011,47,LAC,Travis Leslie
2011,48,ATL,Keith Benson
2011,49,MEM,Josh Selby
2011,50,PHI,Lavoy Allen
2011,51,POR,Jon Diebler
2011,52,DET,Vernon Macklin
2011,53,ORL,DeAndre Liggins
2011,54,CLE,Milan Mačvan
2011,55,BOS,E'Twaun Moore
2011,56,LAL,Chukwudiebere Maduabum
2011,57,DAL,Tanguy Ngombo
2011,58,LAL,Ater Majok
2011,59,SAS,Ádám Hanga
2011,60,SAC,Isaiah Thomas
2012,1,NOH,Anthony Davis
2012,2,CHA,Michael Kidd-Gilchrist
2012,3,WAS,Bradley Beal
2012,4,CLE,Dion Waiters
2012,5,SAC,Thomas Robinson
2012,6,POR,Damian Lillard
2012,7,GSW,Harrison Barnes
2012,8,TOR,Terrence Ross
2012,9,DET,Andre Drummond
2012,10,NOH,Austin Rivers
2012,11,POR,Meyers Leonard
2012,12,HOU,Jeremy Lamb
2012,13,PHO,Kendall Marshall
2012,14,MIL,John Henson
2012,15,PHI,Maurice Harkless
2012,16,HOU,Royce White
2012,17,DAL,Tyler Zeller
2012,18,HOU,Terrence Jones
2012,19,ORL,Andrew Nicholson
2012,20,DEN,Evan Fournier
2012,21,BOS,Jared Sullinger
2012,22,BOS,Fab Melo
2012,23,ATL,John Jenkins
2012,24,CLE,Jared Cunningham
2012,25,MEM,Tony Wroten
2012,26,IND,Miles Plumlee
2012,27,MIA,Arnett Moultrie
2012,28,OKC,Perry Jones
2012,29,CHI,Marquis Teague
2012,30,GSW,Festus Ezeli
2012,31,CHA,Jeff Taylor
2012,32,WAS,Tomáš Satoranský
2012,33,CLE,Bernard James
2012,34,CLE,Jae Crowder
2012,35,GSW,Draymond Green
2012,36,SAC,Orlando Johnson
2012,37,TOR,Quincy Acy
2012,38,DEN,Quincy Miller
2012,39,DET,Khris Middleton
2012,40,POR,Will Barton
2012,41,POR,Tyshawn Taylor
2012,42,MIL,Doron Lamb
2012,43,ATL,Mike Scott
2012,44,DET,Kim English
2012,45,PHI,Justin Hamilton
2012,46,NOH,Darius Miller
2012,47,UTA,Kevin Murphy
2012,48,NYK,Kostas Papanikolaou
2012,49,ORL,Kyle O'Quinn
2012,50,DEN,İzzet Türkyılmaz
2012,51,BOS,Kris Joseph
2012,52,GSW,Ognjen Kuzmić
2012,53,LAC,Furkan Aldemir
2012,54,PHI,Tornike Shengelia
2012,55,DAL,Darius Johnson-Odom
2012,56,TOR,Tomislav Zubčić
2012,57,NJN,İlkan Karaman
2012,58,MIN,Robbie Hummel
2012,59,SAS,Marcus Denmon
2012,60,LAL,Robert Sacre
2013,1,CLE,Anthony Bennett
2013,2,ORL,Victor Oladipo
2013,3,WAS,Otto Porter Jr.
2013,4,CHA,Cody Zeller
2013,5,PHO,Alex Len
2013,6,NOH,Nerlens Noel
2013,7,SAC,Ben McLemore
2013,8,DET,Kentavious Caldwell-Pope
2013,9,MIN,Trey Burke
2013,10,POR,CJ McCollum
2013,11,PHI,Michael Carter-Williams
2013,12,OKC,Steven Adams
2013,13,DAL,Kelly Olynyk
2013,14,UTA,Shabazz Muhammad
2013,15,MIL,Giannis Antetokounmpo
2013,16,BOS,Lucas Nogueira
2013,17,ATL,Dennis Schröder
2013,18,ATL,Shane Larkin
2013,19,CLE,Sergey Karasev
2013,20,CHI,Tony Snell
2013,21,UTA,Gorgui Dieng
2013,22,BRK,Mason Plumlee
2013,23,IND,Solomon Hill
2013,24,NYK,Tim Hardaway Jr.
2013,25,LAC,Reggie Bullock
2013,26,MIN,Andre Roberson
2013,27,DEN,Rudy Gobert
2013,28,SAS,Livio Jean-Charles
2013,29,OKC,Archie Goodwin
2013,30,PHO,Nemanja Nedović
2013,31,CLE,Allen Crabbe
2013,32,OKC,Álex Abrines
2013,33,CLE,Carrick Felix
2013,34,HOU,Isaiah Canaan
2013,35,PHI,Glen Rice Jr.
2013,36,SAC,Ray McCallum
2013,37,DET,Tony Mitchell
2013,38,WAS,Nate Wolters
2013,39,POR,Jeff Withey
2013,40,POR,Grant Jerrett
2013,41,MEM,Jamaal Franklin
2013,42,PHI,Pierre Jackson
2013,43,MIL,Ricky Ledo
2013,44,DAL,Mike Muscala
2013,45,POR,Marko Todorović
2013,46,UTA,Erick Green
2013,47,ATL,Raul Neto
2013,48,LAL,Ryan Kelly
2013,49,CHI,Erik Murphy
2013,50,ATL,James Ennis III
2013,51,ORL,Romero Osby
2013,52,MIN,Lorenzo Brown
2013,53,IND,Colton Iverson
2013,54,WAS,Arsalan Kazemi
2013,55,MEM,Joffrey Lauvergne
2013,56,DET,Peyton Siva
2013,57,PHO,Alex Oriakhi
2013,58,SAS,Deshaun Thomas
2013,59,MIN,Bojan Dubljević
2013,60,MEM,Jānis Timma
2014,1,CLE,Andrew Wiggins
2014,2,MIL,Jabari Parker
2014,3,PHI,Joel Embiid
2014,4,ORL,Aaron Gordon
2014,5,UTA,Danté Exum
2014,6,BOS,Marcus Smart
2014,7,LAL,Julius Randle
2014,8,SAC,Nik Stauskas
2014,9,CHO,Noah Vonleh
2014,10,PHI,Elfrid Payton
2014,11,DEN,Doug McDermott
2014,12,ORL,Dario Šarić
2014,13,MIN,Zach LaVine
2014,14,PHO,T.J. Warren
2014,15,ATL,Adreian Payne
2014,16,CHI,Jusuf Nurkić
2014,17,BOS,James Young
2014,18,PHO,Tyler Ennis
2014,19,CHI,Gary Harris
2014,20,TOR,Bruno Caboclo
2014,21,OKC,Mitch McGary
2014,22,MEM,Jordan Adams
2014,23,UTA,Rodney Hood
2014,24,CHO,Shabazz Napier
2014,25,HOU,Clint Capela
2014,26,MIA,P.J. Hairston
2014,27,PHO,Bogdan Bogdanović
2014,28,LAC,C.J. Wilcox
2014,29,OKC,Josh Huestis
2014,30,SAS,Kyle Anderson
2014,31,MIL,Damien Inglis
2014,32,PHI,K.J. McDaniels
2014,33,CLE,Joe Harris
2014,34,NYK,Cleanthony Early
2014,35,UTA,Jarnell Stokes
2014,36,MIL,Johnny O'Bryant
2014,37,TOR,DeAndre Daniels
2014,38,DET,Spencer Dinwiddie
2014,39,PHI,Jerami Grant
2014,40,MIN,Glenn Robinson III
2014,41,DEN,Nikola Jokić
2014,42,HOU,Nick Johnson
2014,43,ATL,Edy Tavares
2014,44,MIN,Markel Brown
2014,45,CHO,Dwight Powell
2014,46,WAS,Jordan Clarkson
2014,47,PHI,Russ Smith
2014,48,MIL,Lamar Patterson
2014,49,CHI,Cameron Bairstow
2014,50,PHO,Alec Brown
2014,51,NYK,Thanasis Antetokounmpo
2014,52,PHI,Vasilije Micić
2014,53,MIN,Alessandro Gentile
2014,54,PHI,Nemanja Dangubić
2014,55,MIA,Semaj Christon
2014,56,DEN,Devyn Marble
2014,57,IND,Louis Labeyrie
2014,58,SAS,Jordan McRae
2014,59,TOR,Xavier Thames
2014,60,SAS,Cory Jefferson
2015,1,MIN,Karl-Anthony Towns
2015,2,LAL,D'Angelo Russell
2015,3,PHI,Jahlil Okafor
2015,4,NYK,Kristaps Porziņģis
2015,5,ORL,Mario Hezonja
2015,6,SAC,Willie Cauley-Stein
2015,7,DEN,Emmanuel Mudiay
2015,8,DET,Stanley Johnson
2015,9,CHO,Frank Kaminsky
2015,10,MIA,Justise Winslow
2015,11,IND,Myles Turner
2015,12,UTA,Trey Lyles
2015,13,PHO,Devin Booker
2015,14,OKC,Cameron Payne
2015,15,ATL,Kelly Oubre Jr.
2015,16,BOS,Terry Rozier
2015,17,MIL,Rashad Vaughn
2015,18,HOU,Sam Dekker
2015,19,WAS,Jerian Grant
2015,20,TOR,Delon Wright
2015,21,DAL,Justin Anderson
2015,22,CHI,Bobby Portis
2015,23,POR,Rondae Hollis-Jefferson
2015,24,CLE,Tyus Jones
2015,25,MEM,Jarell Martin
2015,26,SAS,Nikola Milutinov
2015,27,LAL,Larry Nance Jr.
2015,28,BOS,R.J. Hunter
2015,29,BRK,Chris McCullough
2015,30,GSW,Kevon Looney
2015,31,MIN,Cedi Osman
2015,32,HOU,Montrezl Harrell
2015,33,BOS,Jordan Mickey
2015,34,LAL,Anthony Brown
2015,35,PHI,Willy Hernangómez
2015,36,MIN,Rakeem Christmas
2015,37,PHI,Richaun Holmes
2015,38,DET,Darrun Hilliard
2015,39,CHO,Juan Pablo Vaulet
2015,40,MIA,Josh Richardson
2015,41,BRK,Pat Connaughton
2015,42,UTA,Olivier Hanlan
2015,43,IND,Joe Young
2015,44,PHO,Andrew Harrison
2015,45,BOS,Marcus Thornton
2015,46,MIL,Norman Powell
2015,47,PHI,Artūras Gudaitis
2015,48,OKC,Dakari Johnson
2015,49,WAS,Aaron White
2015,50,ATL,Marcus Eriksson
2015,51,ORL,Tyler Harvey
2015,52,DAL,Satnam Singh
2015,53,CLE,Sir'Dominic Pointer
2015,54,UTA,Dani Díez
2015,55,SAS,Cady Lalanne
2015,56,NOP,Branden Dawson
2015,57,DEN,Nikola Radičević
2015,58,PHI,J.P. Tokoto
2015,59,ATL,Dimitrios Agravanis
2015,60,PHI,Luka Mitrović
2016,1,PHI,Ben Simmons
2016,2,LAL,Brandon Ingram
2016,3,BOS,Jaylen Brown
2016,4,PHO,Dragan Bender
2016,5,MIN,Kris Dunn
2016,6,NOP,Buddy Hield
2016,7,DEN,Jamal Murray
2016,8,SAC,Marquese Chriss
2016,9,TOR,Jakob Poeltl
2016,10,MIL,Thon Maker
2016,11,ORL,Domantas Sabonis
2016,12,UTA,Taurean Prince
2016,13,PHO,Georgios Papagiannis
2016,14,CHI,Denzel Valentine
2016,15,DEN,Juancho Hernangómez
2016,16,BOS,Guerschon Yabusele
2016,17,MEM,Wade Baldwin
2016,18,DET,Henry Ellenson
2016,19,DEN,Malik Beasley
2016,20,IND,Caris LeVert
2016,21,ATL,DeAndre' Bembry
2016,22,CHO,Malachi Richardson
2016,23,BOS,Ante Žižić
2016,24,PHI,Timothé Luwawu-Cabarrot
2016,25,LAC,Brice Johnson
2016,26,PHI,Furkan Korkmaz
2016,27,TOR,Pascal Siakam
2016,28,PHO,Skal Labissière
2016,29,SAS,Dejounte Murray
2016,30,GSW,Damian Jones
2016,31,BOS,Deyonta Davis
2016,32,LAL,Ivica Zubac
2016,33,LAC,Cheick Diallo
2016,34,PHO,Tyler Ulis
2016,35,BOS,Rade Zagorac
2016,36,MIL,Malcolm Brogdon
2016,37,HOU,Chinanu Onuaku
2016,38,MIL,Patrick McCaw
2016,39,NOP,David Michineau
2016,40,NOP,Diamond Stone
2016,41,ORL,Stephen Zimmerman
2016,42,UTA,Isaiah Whitehead
2016,43,HOU,Zhou Qi
2016,44,ATL,Isaïa Cordinier
2016,45,BOS,Demetrius Jackson
2016,46,DAL,A.J. Hammons
2016,47,ORL,Jake Layman
2016,48,CHI,Paul Zipser
2016,49,DET,Michael Gbinije
2016,50,IND,Georges Niang
2016,51,BOS,Ben Bentil
2016,52,UTA,Joel Bolomboy
2016,53,DEN,Petr Cornelie
2016,54,ATL,Kay Felder
2016,55,BRK,Marcus Paige
2016,56,DEN,Daniel Hamilton
2016,57,MEM,Wang Zhelin
2016,58,BOS,Abdel Nader
2016,59,SAC,Isaiah Cousins
2016,60,UTA,Tyrone Wallace
2017,1,PHI,Markelle Fultz
2017,2,LAL,Lonzo Ball
2017,3,BOS,Jayson Tatum
2017,4,PHO,Josh Jackson
2017,5,SAC,De'Aaron Fox
2017,6,ORL,Jonathan Isaac
2017,7,MIN,Lauri Markkanen
2017,8,NYK,Frank Ntilikina
2017,9,DAL,Dennis Smith Jr.
2017,10,SAC,Zach Collins
2017,11,CHO,Malik Monk
2017,12,DET,Luke Kennard
2017,13,DEN,Donovan Mitchell
2017,14,MIA,Bam Adebayo
2017,15,POR,Justin Jackson
2017,16,CHI,Justin Patton
2017,17,MIL,D.J. Wilson
2017,18,IND,T.J. Leaf
2017,19,ATL,John Collins
2017,20,POR,Harry Giles
2017,21,OKC,Terrance Ferguson
2017,22,BRK,Jarrett Allen
2017,23,TOR,OG Anunoby
2017,24,UTA,Tyler Lydon
2017,25,ORL,Anžejs Pasečņiks
2017,26,POR,Caleb Swanigan
2017,27,BRK,Kyle Kuzma
2017,28,LAL,Tony Bradley
2017,29,SAS,Derrick White
2017,30,UTA,Josh Hart
2017,31,CHO,Frank Jackson
2017,32,PHO,Davon Reed
2017,33,ORL,Wes Iwundu
2017,34,SAC,Frank Mason III
2017,35,ORL,Ivan Rabb
2017,36,PHI,Jonah Bolden
2017,37,BOS,Semi Ojeleye
2017,38,CHI,Jordan Bell
2017,39,PHI,Jawun Evans
2017,40,NOP,Dwayne Bacon
2017,41,ATL,Tyler Dorsey
2017,42,UTA,Thomas Bryant
2017,43,HOU,Isaiah Hartenstein
2017,44,NYK,Damyean Dotson
2017,45,HOU,Dillon Brooks
2017,46,PHI,Sterling Brown
2017,47,IND,Ike Anigbogu
2017,48,MIL,Sindarius Thornwell
2017,49,DEN,Vlatko Čančar
2017,50,PHI,Mathias Lessort
2017,51,DEN,Monte Morris
2017,52,NOP,Edmond Sumner
2017,53,BOS,Kadeem Allen
2017,54,PHO,Alec Peters
2017,55,UTA,Nigel Williams-Goss
2017,56,BOS,Jabari Bird
2017,57,BRK,Sasha Vezenkov
2017,58,NYK,Ognjen Jaramaz
2017,59,SAS,Jaron Blossomgame
2017,60,ATL,Alpha Kaba
2018,1,PHO,Deandre Ayton
2018,2,SAC,Marvin Bagley III
2018,3,ATL,Luka Dončić
2018,4,MEM,Jaren Jackson Jr.
2018,5,DAL,Trae Young
2018,6,ORL,Mo Bamba
2018,7,CHI,Wendell Carter Jr.
2018,8,CLE,Collin Sexton
2018,9,NYK,Kevin Knox
2018,10,PHI,Mikal Bridges
2018,11,CHO,Shai Gilgeous-Alexander
2018,12,LAC,Miles Bridges
2018,13,LAC,Jerome Robinson
2018,14,DEN,Michael Porter Jr.
2018,15,WAS,Troy Brown Jr.
2018,16,PHO,Zhaire Smith
2018,17,MIL,Donte DiVincenzo
2018,18,SAS,Lonnie Walker IV
2018,19,ATL,Kevin Huerter
2018,20,MIN,Josh Okogie
2018,21,UTA,Grayson Allen
2018,22,CHI,Chandler Hutchison
2018,23,IND,Aaron Holiday
2018,24,POR,Anfernee Simons
2018,25,LAL,Moritz Wagner
2018,26,PHI,Landry Shamet
2018,27,BOS,Robert Williams
2018,28,GSW,Jacob Evans
2018,29,BRK,Džanan Musa
2018,30,ATL,Omari Spellman
2018,31,PHO,Elie Okobo
2018,32,MEM,Jevon Carter
2018,33,DAL,Jalen Brunson
2018,34,ATL,Devonte' Graham
2018,35,ORL,Melvin Frazier
2018,36,NYK,Mitchell Robinson
2018,37,SAC,Gary Trent Jr.
2018,38,PHI,Khyri Thomas
2018,39,PHI,Isaac Bonga
2018,40,BRK,Rodions Kurucs
2018,41,ORL,Jarred Vanderbilt
2018,42,DET,Bruce Brown
2018,43,DEN,Justin Jackson
2018,44,WAS,Issuf Sanon
2018,45,BRK,Hamidou Diallo
2018,46,HOU,De'Anthony Melton
2018,47,LAL,Svi Mykhailiuk
2018,48,MIN,Keita Bates-Diop
2018,49,SAS,Chimezie Metu
2018,50,IND,Alize Johnson
2018,51,NOP,Tony Carr
2018,52,UTA,Vince Edwards
2018,53,OKC,Devon Hall
2018,54,DAL,Shake Milton
2018,55,CHO,Arnoldas Kulboka
2018,56,PHI,Ray Spalding
2018,57,OKC,Kevin Hervey
2018,58,DEN,Thomas Welsh
2018,59,PHO,George King
2018,60,PHI,Kostas Antetokounmpo
2019,1,NOP,Zion Williamson
2019,2,MEM,Ja Morant
2019,3,NYK,RJ Barrett
2019,4,LAL,De'Andre Hunter
2019,5,CLE,Darius Garland
2019,6,PHO,Jarrett Culver
2019,7,CHI,Coby White
2019,8,ATL,Jaxson Hayes
2019,9,WAS,Rui Hachimura
2019,10,ATL,Cam Reddish
2019,11,MIN,Cameron Johnson
2019,12,CHO,P.J. Washington
2019,13,MIA,Tyler Herro
2019,14,BOS,Romeo Langford
2019,15,DET,Sekou Doumbouya
2019,16,ORL,Chuma Okeke
2019,17,BRK,Nickeil Alexander-Walker
2019,18,IND,Goga Bitadze
2019,19,SAS,Luka Šamanić
2019,20,BOS,Matisse Thybulle
2019,21,OKC,Brandon Clarke
2019,22,BOS,Grant Williams
2019,23,UTA,Darius Bazley
2019,24,PHI,Ty Jerome
2019,25,POR,Nassir Little
2019,26,CLE,Dylan Windler
2019,27,BRK,Mfiondu Kabengele
2019,28,GSW,Jordan Poole
2019,29,SAS,Keldon Johnson
2019,30,MIL,Kevin Porter Jr.
2019,31,BRK,Nic Claxton
2019,32,PHO,KZ Okpala
2019,33,PHI,Carsen Edwards
2019,34,PHI,Bruno Fernando
2019,35,ATL,Didi Louzada
2019,36,CHO,Cody Martin
2019,37,DAL,Deividas Sirvydis
2019,38,CHI,Daniel Gafford
2019,39,NOP,Alen Smailagić
2019,40,SAC,Justin James
2019,41,GSW,Eric Paschall
2019,42,PHI,Admiral Schofield
2019,43,MIN,Jaylen Nowell
2019,44,MIA,Bol Bol
2019,45,DET,Isaiah Roby
2019,46,ORL,Talen Horton-Tucker
2019,47,SAC,Ignas Brazdeikis
2019,48,LAC,Terance Mann
2019,49,SAS,Quinndary Weatherspoon
2019,50,IND,Jarrell Brantley
2019,51,BOS,Tremont Waters
2019,52,CHO,Jalen McDaniels
2019,53,UTA,Justin Wright-Foreman
2019,54,PHI,Marial Shayok
2019,55,NYK,Kyle Guy
2019,56,LAC,Jaylen Hands
2019,57,NOP,Jordan Bone
2019,58,GSW,Miye Oni
2019,59,TOR,Dewan Hernandez
2019,60,SAC,Vanja Marinković
2020,1,MIN,Anthony Edwards
2020,2,GSW,James Wiseman
2020,3,CHO,LaMelo Ball
2020,4,CHI,Patrick Williams
2020,5,CLE,Isaac Okoro
2020,6,ATL,Onyeka Okongwu
2020,7,DET,Killian Hayes
2020,8,NYK,Obi Toppin
2020,9,WAS,Deni Avdija
2020,10,PHO,Jalen Smith
2020,11,SAS,Devin Vassell
2020,12,SAC,Tyrese Haliburton
2020,13,NOP,Kira Lewis Jr.
2020,14,BOS,Aaron Nesmith
2020,15,ORL,Cole Anthony
2020,16,POR,Isaiah Stewart
2020,17,MIN,Aleksej Pokusevski
2020,18,DAL,Josh Green
2020,19,BRK,Saddiq Bey
2020,20,MIA,Precious Achiuwa
2020,21,PHI,Tyrese Maxey
2020,22,DEN,Zeke Nnaji
2020,23,NYK,Leandro Bolmaro
2020,24,MIL,R.J. Hampton
2020,25,OKC,Immanuel Quickley
2020,26,BOS,Payton Pritchard
2020,27,UTA,Udoka Azubuike
2020,28,LAL,Jaden McDaniels
2020,29,TOR,Malachi Flynn
2020,30,BOS,Desmond Bane
2020,31,DAL,Tyrell Terry
2020,32,CHO,Vernon Carey Jr.
2020,33,MIN,Daniel Oturu
2020,34,PHI,Théo Maledon
2020,35,SAC,Xavier Tillman Sr.
2020,36,PHI,Tyler Bey
2020,37,WAS,Vít Krejčí
2020,38,UTA,Saben Lee
2020,39,NOP,Elijah Hughes
2020,40,MEM,Robert Woodard II
2020,41,SAS,Tre Jones
2020,42,NOP,Nick Richards
2020,43,SAC,Jahmi'us Ramsey
2020,44,CHI,Marko Simonovic
2020,45,MIL,Jordan Nwora
2020,46,POR,CJ Elleby
2020,47,BOS,Yam Madar
2020,48,GSW,Nico Mannion
2020,49,PHI,Isaiah Joe
2020,50,ATL,Skylar Mays
2020,51,GSW,Justinian Jessup
2020,52,SAC,KJ Martin
2020,53,OKC,Cassius Winston
2020,54,IND,Cassius Stanley
2020,55,BRK,Jay Scrubb
2020,56,CHO,Grant Riller
2020,57,LAC,Reggie Perry
2020,58,PHI,Paul Reed
2020,59,TOR,Jalen Harris
2020,60,NOP,Sam Merrill
2021,1,DET,Cade Cunningham
2021,2,HOU,Jalen Green
2021,3,CLE,Evan Mobley
2021,4,TOR,Scottie Barnes
2021,5,ORL,Jalen Suggs
2021,6,OKC,Josh Giddey
2021,7,GSW,Jonathan Kuminga
2021,8,ORL,Franz Wagner
2021,9,SAC,Davion Mitchell
2021,10,NOP,Ziaire Williams
2021,11,CHO,James Bouknight
2021,12,SAS,Joshua Primo
2021,13,IND,Chris Duarte
2021,14,GSW,Moses Moody
2021,15,WAS,Corey Kispert
2021,16,OKC,Alperen Şengün
2021,17,MEM,Trey Murphy III
2021,18,OKC,Tre Mann
2021,19,NYK,Kai Jones
2021,20,ATL,Jalen Johnson
2021,21,NYK,Keon Johnson
2021,22,LAL,Isaiah Jackson
2021,23,HOU,Usman Garuba
2021,24,HOU,Josh Christopher
2021,25,LAC,Quentin Grimes
2021,26,DEN,Bones Hyland
2021,27,BRK,Cam Thomas
2021,28,PHI,Jaden Springer
2021,29,PHO,Day'Ron Sharpe
2021,30,UTA,Santi Aldama
2021,31,MIL,Isaiah Todd
2021,32,NYK,Jeremiah Robinson-Earl
2021,33,ORL,Jason Preston
2021,34,OKC,Rokas Jokubaitis
2021,35,NOP,Herbert Jones
2021,36,OKC,Miles McBride
2021,37,DET,JT Thor
2021,38,CHI,Ayo Dosunmu
2021,39,SAC,Neemias Queta
2021,40,NOP,Jared Butler
2021,41,SAS,Joe Wieskamp
2021,42,DET,Isaiah Livers
2021,43,NOP,Greg Brown III
2021,44,BRK,Kessler Edwards
2021,45,BOS,Juhann Begarin
2021,46,TOR,Dalano Banton
2021,47,TOR,David Johnson
2021,48,ATL,Sharife Cooper
2021,49,BRK,Marcus Zegarowski
2021,50,PHI,Filip Petrušev
2021,51,MEM,Brandon Boston Jr.
2021,52,DET,Luka Garza
2021,53,PHI,Charles Bassey
2021,54,IND,Sandro Mamukelashvili
2021,55,OKC,Aaron Wiggins
2021,56,CHO,Scottie Lewis
2021,57,CHO,Balša Koprivica
2021,58,NYK,Jericho Sims
2021,59,BRK,RaiQuan Gray
2021,60,IND,Georgios Kalaitzakis
2022,1,ORL,Paolo Banchero
2022,2,OKC,Chet Holmgren
2022,3,HOU,Jabari Smith Jr.
2022,4,SAC,Keegan Murray
2022,5,DET,Jaden Ivey
2022,6,IND,Bennedict Mathurin
2022,7,POR,Shaedon Sharpe
2022,8,NOP,Dyson Daniels
2022,9,SAS,Jeremy Sochan
2022,10,WAS,Johnny Davis
2022,11,NYK,Ousmane Dieng
2022,12,OKC,Jalen Williams
2022,13,CHO,Jalen Duren
2022,14,CLE,Ochai Agbaji
2022,15,CHO,Mark Williams
2022,16,ATL,AJ Griffin
2022,17,HOU,Tari Eason
2022,18,CHI,Dalen Terry
2022,19,MIN,Jake LaRavia
2022,20,SAS,Malaki Branham
2022,21,DEN,Christian Braun
2022,22,MEM,Walker Kessler
2022,23,PHI,David Roddy
2022,24,MIL,MarJon Beauchamp
2022,25,SAS,Blake Wesley
2022,26,DAL,Wendell Moore Jr.
2022,27,MIA,Nikola Jović
2022,28,GSW,Patrick Baldwin Jr.
2022,29,MEM,TyTy Washington Jr.
2022,30,OKC,Peyton Watson
2022,31,IND,Andrew Nembhard
2022,32,ORL,Caleb Houstan
2022,33,TOR,Christian Koloko
2022,34,OKC,Jaylin Williams
2022,35,LAL,Max Christie
2022,36,POR,Gabriele Procida
2022,37,SAC,Jaden Hardy
2022,38,SAS,Kennedy Chandler
2022,39,CLE,Khalifa Diop
2022,40,MIN,Bryce McGowens
2022,41,NOP,E.J. Liddell
2022,42,NYK,Trevor Keels
2022,43,LAC,Moussa Diabaté
2022,44,ATL,Ryan Rollins
2022,45,CHO,Josh Minott
2022,46,DET,Ismael Kamagate
2022,47,MEM,Vince Williams Jr.
2022,48,MIN,Kendall Brown
2022,49,CLE,Isaiah Mobley
2022,50,MIN,Matteo Spagnolo
2022,51,GSW,Tyrese Martin
2022,52,NOP,Karlo Matković
2022,53,BOS,JD Davison
2022,54,WAS,Yannick Nzosa
2022,55,GSW,Gui Santos
2022,56,CLE,Luke Travers
2022,57,POR,Jabari Walker
2022,58,IND,Hugo Besson
2023,1,SAS,Victor Wembanyama
2023,2,CHO,Brandon Miller
2023,3,POR,Scoot Henderson
2023,4,HOU,Amen Thompson
2023,5,DET,Ausar Thompson
2023,6,ORL,Anthony Black
2023,7,IND,Bilal Coulibaly
2023,8,WAS,Jarace Walker
2023,9,UTA,Taylor Hendricks
2023,10,DAL,Cason Wallace
2023,11,ORL,Jett Howard
2023,12,OKC,Dereck Lively II
2023,13,TOR,Gradey Dick
2023,14,NOP,Jordan Hawkins
2023,15,ATL,Kobe Bufkin
2023,16,UTA,Keyonte George
2023,17,LAL,Jalen Hood-Schifino
2023,18,MIA,Jaime Jaquez Jr.
2023,19,GSW,Brandin Podziemski
2023,20,HOU,Cam Whitmore
2023,21,BRK,Noah Clowney
2023,22,BRK,Dariq Whitehead
2023,23,POR,Kris Murray
2023,24,SAC,Olivier-Maxence Prosper
2023,25,MEM,Marcus Sasser
2023,26,IND,Ben Sheppard
2023,27,CHO,Nick Smith Jr.
2023,28,UTA,Brice Sensabaugh
2023,29,IND,Julian Strawther
2023,30,LAC,Kobe Brown
2023,31,DET,James Nnaji
2023,32,IND,Jalen Pickett
2023,33,SAS,Leonard Miller
2023,34,CHO,Colby Jones
2023,35,BOS,Julian Phillips
2023,36,ORL,Andre Jackson Jr.
2023,37,OKC,Hunter Tyson
2023,38,SAC,Jordan Walsh
2023,39,CHO,Mouhamed Gueye
2023,40,DEN,Maxwell Lewis
2023,41,CHO,Amari Bailey
2023,42,WAS,Tristan Vukcevic
2023,43,POR,Rayan Rupert
2023,44,SAS,Sidy Cissoko
2023,45,MEM,GG Jackson II
2023,46,ATL,Seth Lundy
2023,47,LAL,Mojave King
2023,48,LAC,Jordan Miller
2023,49,CLE,Emoni Bates
2023,50,OKC,Keyontae Johnson
2023,51,BRK,Jalen Wilson
2023,52,PHO,Toumani Camara
2023,53,MIN,Jaylen Clark
2023,54,SAC,Jalen Slawson
2023,55,IND,Isaiah Wong
2023,56,MEM,Tarik Biberovic
2023,57,WAS,Trayce Jackson-Davis
2023,58,MIL,Chris Livingston
2024,1,ATL,Zaccharie Risacher
2024,2,WAS,Alex Sarr
2024,3,HOU,Reed Sheppard
2024,4,SAS,Stephon Castle
2024,5,DET,Ron Holland
2024,6,CHO,Tidjane Salaün
2024,7,POR,Donovan Clingan
2024,8,SAS,Rob Dillingham
2024,9,MEM,Zach Edey
2024,10,UTA,Cody Williams
2024,11,CHI,Matas Buzelis
2024,12,OKC,Nikola Topić
2024,13,SAC,Devin Carter
2024,14,POR,Bub Carrington
2024,15,MIA,Kel'el Ware
2024,16,PHI,Jared McCain
2024,17,LAL,Dalton Knecht
2024,18,ORL,Tristan Da Silva
2024,19,TOR,Ja'Kobe Walter
2024,20,CLE,Jaylon Tyson
2024,21,NOP,Yves Missi
2024,22,PHO,DaRon Holmes
2024,23,MIL,AJ Johnson
2024,24,NYK,Kyshawn George
2024,25,NYK,Pacôme Dadiet
2024,26,WAS,Dillon Jones
2024,27,MIN,Terrence Shannon Jr.
2024,28,DEN,Ryan Dunn
2024,29,UTA,Isaiah Collier
2024,30,BOS,Baylor Scheierman
2024,31,TOR,Jonathan Mogbo
2024,32,UTA,Kyle Filipowski
2024,33,MIL,Tyler Smith
2024,34,POR,Tyler Kolek
2024,35,SAS,Johnny Furphy
2024,36,IND,Juan Nunez
2024,37,MIN,Bobi Klintman
2024,38,NYK,Ajay Mitchell
2024,39,MEM,Jaylen Wells
2024,40,POR,Oso Ighodaro
2024,41,PHI,Adem Bona
2024,42,CHO,KJ Simpson
2024,43,MIA,Nikola Djurisic
2024,44,HOU,Pelle Larsson
2024,45,SAC,Jamal Shead
2024,46,LAC,Cam Christie
2024,47,ORL,Antonio Reeves
2024,48,SAS,Harrison Ingram
2024,49,IND,Tristen Newton
2024,50,IND,Enrique Freeman
2024,51,NYK,Melvin Ajinça
2024,52,GSW,Quinten Post
2024,53,DET,Cam Spencer
2024,54,BOS,Anton Watson
2024,55,LAL,Bronny James
2024,56,PHO,Kevin McCullar Jr.
2024,57,MEM,Ulrich Chomche
2024,58,DAL,Ariel Hukporti
2024,59,PHI,
2024,60,PHO,
2025,1,DAL,Cooper Flagg
2025,2,SAS,Dylan Harper
2025,3,PHI,VJ Edgecombe
2025,4,CHO,Kon Knueppel
2025,5,UTA,Ace Bailey
2025,6,WAS,Tre Johnson
2025,7,NOP,Jeremiah Fears
2025,8,BRK,Egor Dëmin
2025,9,TOR,Collin Murray-Boyles
2025,10,HOU,Khaman Maluach
2025,11,POR,Cedric Coward
2025,12,CHI,Noa Essengue
2025,13,ATL,Derik Queen
2025,14,SAS,Carter Bryant
2025,15,OKC,Thomas Sorber
2025,16,MEM,Yang Hansen
2025,17,MIN,Joan Beringer
2025,18,WAS,Walter Clayton
2025,19,BRK,Nolan Traoré
2025,20,MIA,Kasparas Jakučionis
2025,21,UTA,Will Riley
2025,22,ATL,Drake Powell
2025,23,IND,Asa Newell
2025,24,OKC,Nique Clifford
2025,25,ORL,Jase Richardson
2025,26,BRK,Ben Saraf
2025,27,BRK,Danny Wolf
2025,28,BOS,Hugo González
2025,29,PHO,Liam McNeeley
2025,30,LAC,Yanic Konan Niederhäuser
2025,31,MIN,Rasheer Fleming
2025,32,BOS,Noah Penda
2025,33,CHO,Sion James
2025,34,CHO,Ryan Kalkbrenner
2025,35,PHI,Johni Broome
2025,36,BRK,Adou Thiero
2025,37,DET,Chaz Lanier
2025,38,SAS,Kam Jones
2025,39,TOR,Alijah Martin
2025,40,WAS,Micah Peavy
2025,41,GSW,Koby Brea
2025,42,SAC,Maxime Raynaud
2025,43,UTA,Jamir Watkins
2025,44,OKC,Brooks Barnhizer
2025,45,CHI,Rocco Zikarsky
2025,46,ORL,Amari Williams
2025,47,MIL,Bogoljub Markovic
2025,48,MEM,Javon Small
2025,49,CLE,Tyrese Proctor
2025,50,NYK,Kobe Sanders
2025,51,LAC,Mohamed Diawara
2025,52,PHO,Alex Toohey
2025,53,UTA,John Tonje
2025,54,IND,Taelon Peter
2025,55,LAL,Lachlan Olbrich
2025,56,MEM,Will Richard
2025,57,ORL,Max Shulga
2025,58,CLE,Saliou Niang
2025,59,HOU,Jahmai Mashack
2025,60,NYK,