team,exec,date_start,date_end
ATL,Ben Kerner,1949,1960-11-26
ATL,Marty Blake,1960-11-26,1970-04-29
ATL,Bob Cousins,1970-04-29,1972-04-24
ATL,Richie Guerin,1972-04-24,1973-08-04
ATL,Pat Williams,1973-08-04,1974-08-06
ATL,William Wilcox,1974-08-06,1975-06-23
ATL,Bud Seretean,1975-06-23,1977-01-03
ATL,Mike Storen,1977-01-03,1977-09-27
ATL,Michael Gearon,1977-09-27,1979-07-12
ATL,Lewis Schaffel,1979-07-12,1979-11-19
ATL,Stan Kasten,1979-11-19,1990-02-14
ATL,Pete Babcock,1990-02-14,2003-04-02
ATL,Billy Knight,2003-04-02,2008-05-28
ATL,Rick Sund,2008-05-28,2012-06-25
ATL,Danny Ferry,2012-06-25,2014-09-12
ATL,Mike Budenholzer,2014-09-12,2017-05-25
ATL,Travis Schlenk,2017-05-25,2022-12-21
ATL,Landry Fields,2022-12-21,2025-04-21
ATL,Onsi Saleh,2025-04-21,present
BOS,Walter Brown,1946,1950-04-27
BOS,Red Auerbach,1950-04-27,1984-07-10
BOS,Jan Volk,1984-07-10,1990-05-30
BOS,Dave Gavitt,1990-05-30,1994-06-14
BOS,M.L. Carr,1994-06-14,1997-05-06
BOS,Rick Pitino,1997-05-06,2001-01-08
BOS,Chris Wallace,2001-01-08,2003-05-09
BOS,Danny Ainge,2003-05-09,2021-06-02
BOS,Brad Stevens,2021-06-02,present
CHI,Dick Klein,1967,1969-08-29
CHI,Pat Williams,1969-08-29,1973-07-13
CHI,Dick Motta,1973-07-13,1976-05-29
CHI,Jerry Krause,1976-06-02,1976-08-31
CHI,Jon Kovler,1976-08-31,1978-05-12
CHI,Rod Thorn,1978-05-12,1985-03-26
CHI,Jerry Krause,1985-03-26,2003-04-07
CHI,John Paxson,2003-04-14,2009-05-21
CHI,Gar Forman,2009-05-21,2020-04-13
CHI,Artūras Karnišovas,2020-04-13,2026-04-06
CHI,Bryson Graham,2026-05-04,present
CLE,Nick Mileti,1970,1973-04-24
CLE,Bill Fitch,1973-04-24,1979-05-21
CLE,Ron Hrovat,1979-07-23,1980-06-13
CLE,Don Delaney,1980-06-13,1982-10-15
CLE,Harry Weltman,1982-10-15,1986-04-16
CLE,Wayne Embry,1986-06-19,1999-06-01
CLE,Jim Paxson,1999-06-01,2005-04-21
CLE,Danny Ferry,2005-06-27,2010-06-04
CLE,Chris Grant,2010-06-04,2014-02-06
CLE,David Griffin,2014-02-06,2017-06-19
CLE,Koby Altman,2017-06-19,present
DAL,Norm Sonju,1980-05-01,1996-05-16
DAL,Keith Grant,1996-05-16,1996-10-17
DAL,Frank Zaccanelli,1996-10-17,1997-02-07
DAL,Don Nelson,1997-02-07,2005-03-19
DAL,Donn Nelson,2005-03-19,2021-06-16
DAL,Nico Harrison,2021-06-28,2025-11-11
DAL,Michael Finley,2025-11-11,2026-05-04
DAL,Matt Riccardi,2025-11-11,2026-05-04
DAL,Masai Ujiri,2026-05-04,present
DEN,Vince Boryla,1967,1967-06-02
DEN,Dick Eicher,1967-06-20,1969
DEN,Donald Ringsby,1969,1971-04-08
DEN,Alex Hannum,1971-04-08,1974-04-30
DEN,Carl Scheer,1974-06-03,1984-05-07
DEN,Vince Boryla,1984-05-07,1987-10-27
DEN,Pete Babcock,1987-10-27,1990-02-14
DEN,Glen Grunwald,1990-02-14,1990-07-11
DEN,Bernie Bickerstaff,1990-07-11,1997-02-10
DEN,Allan Bristow,1997-02-12,1998-02-04
DEN,Mike D'Antoni,1998-02-04,1998-03-25
DEN,Dan Issel,1998-03-25,2001-08-09
DEN,Kiki Vandeweghe,2001-08-09,2006-05-05
DEN,Mark Warkentien,2006-09-07,2010-08-03
DEN,Masai Ujiri,2010-08-27,2013-05-31
DEN,Tim Connelly,2013-06-17,2022-05-23
DEN,Calvin Booth,2022-05-23,2025-04-08
DEN,Ben Tenzer,2025-04-14,present
DET,Carl Bennett,1948,1954-03-27
DET,Fred Zollner,1954-03-27,1957-02-14
DET,Otto Adams,1957-02-14,1957-04-08
DET,Fred Delano,1957-04-08,1958-05-19
DET,Nick Kerbawy,1958-06-18,1961-01-13
DET,Francis Smith,1961-01-19,1964-11-09
DET,Don Wattrick,1964-11-09,1965-09-28
DET,Edwin Coil,1965-10-05,1975-06-23
DET,Oscar Feldman,1975-06-23,1977-05-25
DET,Bob Kauffman,1977-05-25,1978-07-14
DET,Bill Davidson,1978-07-14,1979-12-11
DET,Jack McCloskey,1979-12-11,1992-06-01
DET,Tom Wilson,1992-06-01,1992-06-23
DET,Billy McKinney,1992-06-23,1995-04-26
DET,Doug Collins,1995-04-26,1998-02-02
DET,Rick Sund,1998-02-02,2000-06-06
DET,Joe Dumars,2000-06-06,2014-04-14
DET,Stan Van Gundy,2014-05-14,2018-05-07
DET,Jeff Bower,2018-05-08,2018-06-01
DET,Ed Stefanski,2018-06-01,2020-06-18
DET,Troy Weaver,2020-06-18,2024-05-31
DET,Trajan Langdon,2024-06-01,present
GSW,Peter Tyrell,1946,1952-04-26
GSW,Eddie Gottlieb,1952-04-26,1963-08-07
GSW,Bob Feerick,1963-08-07,1974-06-17
GSW,Dick Vertlieb,1974-06-17,1976-05-18
GSW,Al Attles,1976-06-03,1986-05-23
GSW,Jack McMahon,1986-06-20,1987-12-31
GSW,Don Nelson,1987-12-31,1995-02-13
GSW,Ed Gregory,1995-02-13,1995-05-10
GSW,Dave Twardzik,1995-05-10,1997-06-05
GSW,Al Attles,1997-06-05,1997-07-12
GSW,Garry St. Jean,1997-07-12,2004-04-22
GSW,Chris Mullin,2004-04-22,2009-05-11
GSW,Larry Riley,2009-05-11,2012-04-24
GSW,Bob Myers,2012-04-24,2023-05-30
GSW,Mike Dunleavy,2023-06-16,present
HOU,Jack McMahon,1967,1968-06-18
HOU,Pete Newell,1968-06-18,1972-02-16
HOU,Ray Patterson,1972-02-16,1989-09-11
HOU,Steve Patterson,1989-09-11,1993-08-30
HOU,Tod Leiweke,1993-08-30,1994-01-20
HOU,Bob Weinhauer,1994-04-29,1996-08-30
HOU,Carroll Dawson,1996-08-30,2007-05-06
HOU,Daryl Morey,2007-05-06,2020-10-15
HOU,Rafael Stone,2020-10-15,present
IND,Mike Storen,1967,1970-06-01
IND,John Weissert,1970-06-01,1975
IND,Slick Leonard,1975,1980-06-09
IND,Dick Vertlieb,1980-06-09,1981-03-29
IND,Robert Salyers,1981,1986-04-20
IND,Donnie Walsh,1986-04-20,2003-07-11
IND,Larry Bird,2003-07-11,2012-06-27
IND,Donnie Walsh,2012-06-27,2013-06-27
IND,Larry Bird,2013-06-27,2017-05-01
IND,Kevin Pritchard,2017-05-01,present
LAC,Eddie Donovan,1970,1975-03-20
LAC,Bob MacKinnon,1975-05-21,1977-03-25
LAC,Norm Sonju,1977-03-25,1978-07-19
LAC,Irv Kaze,1978-07-19,1980-06-06
LAC,Lou Lenart,1980-06-06,1981-01-28
LAC,Ted Podleski,1981-01-28,1982-10-18
LAC,Paul Phipps,1982-10-18,1984-03-23
LAC,Carl Scheer,1984-07-18,1986-04-15
LAC,Elgin Baylor,1986-04-15,2008-10-07
LAC,Mike Dunleavy,2008-10-07,2010-03-09
LAC,Neil Olshey,2010-03-09,2012-06-04
LAC,Vinny Del Negro,2012-06-04,2012-09-04
LAC,Andy Roeser,2012-06-04,2012-09-04
LAC,Gary Sacks,2012-06-04,2013-06-24
LAC,Doc Rivers,2013-06-25,2017-08-04
LAC,Lawrence Frank,2017-08-04,present
LAL,Max Winter,1948,1954-10-05
LAL,George Mikan,1954-10-05,1957-06-19
LAL,John Kundla,1957-06-19,1959-04-10
LAL,Bob Short,1959-04-10,1960-07-21
LAL,Lou Mohs,1960-07-21,1967-04-27
LAL,Fred Schaus,1967-04-27,1972-05-16
LAL,Pete Newell,1972-06-02,1976-09-17
LAL,Bill Sharman,1976-09-17,1982-06-24
LAL,Jerry West,1982-06-24,2000-08-07
LAL,Mitch Kupchak,2000-08-07,2017-02-21
LAL,Magic Johnson,2017-02-21,2019-04-09
LAL,Rob Pelinka,2019-04-09,present
MEM,Stu Jackson,1994,2000-05-09
MEM,Billy Knight,2000-05-10,2002-04-19
MEM,Dick Versace,2002-04-19,2002-04-30
MEM,Jerry West,2002-04-30,2007-06-18
MEM,Chris Wallace,2007-06-19,2012-11-03
MEM,Jason Levien,2012-11-04,2014-05-19
MEM,Chris Wallace,2014-05-19,2019-04-11
MEM,Zach Kleiman,2019-04-11,present
MIA,Lewis Schaffel,1987,1995-02-14
MIA,Dave Wohl,1995-02-14,1996-11-18
MIA,Randy Pfund,1996-11-18,2008-09-29
MIA,Pat Riley,2008-09-29,present
MIL,John Erickson,1968,1970-05-19
MIL,Ray Patterson,1970-05-19,1972-02-16
MIL,Wayne Embry,1972-03-06,1977-04-15
MIL,Don Nelson,1977-04-15,1987-05-27
MIL,Del Harris,1987-06-04,1992-04-07
MIL,Mike Dunleavy,1992-05-12,1997-04-26
MIL,Bob Weinhauer,1997-04-26,1999-08-10
MIL,Ernie Grunfeld,1999-08-13,2003-06-29
MIL,Larry Harris,2003-06-29,2008-03-19
MIL,John Hammond,2008-04-11,2017-05-23
MIL,Justin Zanik,2017-05-23,2017-06-16
MIL,Jon Horst,2017-06-16,present
MIN,Billy McKinney,1988,1990-11-29
MIN,Jim Brewer,1990-12-04,1992-06-01
MIN,Jack McCloskey,1992-06-01,1995-05-11
MIN,Kevin McHale,1995-05-11,2008-12-08
MIN,Jim Stack,2008-12-08,2009-05-22
MIN,David Kahn,2009-05-22,2013-05-03
MIN,Flip Saunders,2013-05-03,2015-10-25
MIN,Milt Newton,2015-10-25,2016-04-20
MIN,Tom Thibodeau,2016-04-20,2019-01-06
MIN,Scott Layden,2019-01-06,2019-05-03
MIN,Gersson Rosas,2019-05-03,2021-09-22
MIN,Sachin Gupta,2021-09-22,2022-05-23
MIN,Tim Connelly,2022-05-23,present
NYK,Ned Irish,1946,1957
NYK,Fred Podesta,1957,1960-01-04
NYK,Vince Boryla,1960-01-04,1961-05-08
NYK,Fred Podesta,1961-05-08,1965-01-03
NYK,Eddie Donovan,1965-01-03,1970-03-09
NYK,Red Holzman,1970-03-09,1975-04-15
NYK,Eddie Donovan,1975-04-15,1982-05-20
NYK,Dave DeBusschere,1982-05-20,1986-01-03
NYK,Gordon Stirling,1986-01-03,1987-04-20
NYK,Al Bianchi,1987-07-08,1991-03-01
NYK,Dave Checketts,1991-03-01,1991-04-23
NYK,Ernie Grunfeld,1991-04-23,1999-04-21
NYK,Dave Checketts,1999-04-21,1999-08-10
NYK,Scott Layden,1999-08-10,2003-12-22
NYK,Isiah Thomas,2003-12-22,2008-04-02
NYK,Donnie Walsh,2008-04-02,2011-06-30
NYK,Glen Grunwald,2011-06-30,2013-09-26
NYK,Steve Mills,2013-09-26,2014-03-18
NYK,Phil Jackson,2014-03-18,2017-06-28
NYK,Steve Mills,2017-06-28,2020-02-04
NYK,Scott Perry,2020-02-04,2020-03-02
NYK,Leon Rose,2020-03-02,present
OKC,Don Richman,1967,1968-05-09
OKC,Dick Vertlieb,1968-05-09,1969-10-01
OKC,Zollie Volchok,1969-10-01,1969-11-18
OKC,Bob Houbregs,1969-11-18,1973-05-03
OKC,Bucky Buckwalter,1973-05-03,1973-05-11
OKC,Bill Russell,1973-05-11,1977-05-04
OKC,Zollie Volchok,1977-05-13,1983-05-11
OKC,Les Habegger,1983-05-11,1985-04-24
OKC,Lenny Wilkens,1985-04-24,1986-05-27
OKC,Bob Whitsitt,1986-05-27,1994-06-21
OKC,Wally Walker,1994-07-21,2001-06-01
OKC,Rick Sund,2001-06-01,2007-04-24
OKC,Sam Presti,2007-06-07,present
ORL,Pat Williams,1987,1996-04-29
ORL,John Gabriel,1996-04-29,2004-03-12
ORL,John Weisbrod,2004-03-12,2005-05-23
ORL,Dave Twardzik,2005-05-23,2006-05-03
ORL,Otis Smith,2005-05-23,2012-05-21
ORL,Rob Hennigan,2012-06-20,2017-04-13
ORL,Matt Lloyd,2017-04-13,2017-05-22
ORL,Jeff Weltman,2017-05-22,present
PHI,Leo Ferris,1949,1955-01-05
PHI,Danny Biasone,1955-01-05,1963-05-22
PHI,Irv Kosloff,1963-05-22,1966-08-16
PHI,Jack Ramsay,1966-08-16,1970-08-04
PHI,Don DeJardin,1970-08-04,1973-09-19
PHI,Gene Shue,1973-09-19,1974-08-06
PHI,Pat Williams,1974-08-06,1986-06-19
PHI,John Nash,1986-06-19,1990-06-07
PHI,Gene Shue,1990-07-24,1992-05-27
PHI,Jim Lynam,1992-05-27,1994-05-04
PHI,John Lucas,1994-06-14,1996-05-08
PHI,Brad Greenberg,1996-05-08,1997-04-20
PHI,Larry Brown,1997-05-05,1998-05-19
PHI,Billy King,1998-05-19,2007-12-04
PHI,Ed Stefanski,2007-12-04,2010-08-12
PHI,Rod Thorn,2010-08-12,2012-09-21
PHI,Tony DiLeo,2012-09-21,2013-05-14
PHI,Sam Hinkie,2013-05-14,2016-04-06
PHI,Jerry Colangelo,2016-04-07,2016-04-09
PHI,Bryan Colangelo,2016-04-10,2018-06-07
PHI,Brett Brown,2018-06-07,2018-09-18
PHI,Elton Brand,2018-09-18,2020-11-02
PHI,Daryl Morey,2020-11-02,2026-05-12
PHI,Bob Myers,2026-05-12,2026-05-29
PHI,Mike Gansey,2026-05-29,present
PHX,Jerry Colangelo,1968,1994-02-23
PHX,Bryan Colangelo,1994-02-23,2006-02-27
PHX,Mike D'Antoni,2006-03-10,2007-06-06
PHX,Steve Kerr,2007-06-06,2010-06-30
PHX,Lance Blanks,2010-08-05,2013-04-22
PHX,Lon Babby,2013-04-22,2013-05-07
PHX,Ryan McDonough,2013-05-07,2018-10-08
PHX,James Jones,2018-10-08,2025-05-01
PHX,Brian Gregory,2025-05-01,present
POR,Harry Glickman,1970,1981-05-18
POR,Stu Inman,1981-05-18,1986-01-02
POR,Bucky Buckwalter,1986-01-02,1992-07-17
POR,Geoff Petrie,1992-07-17,1994-05-18
POR,Bob Whitsitt,1994-07-12,2003-06-30
POR,John Nash,2003-07-16,2006-05-30
POR,Steve Patterson,2006-05-30,2007-03-01
POR,Tod Leiweke,2007-03-01,2007-03-29
POR,Kevin Pritchard,2007-03-29,2010-06-24
POR,Rich Cho,2010-07-19,2011-05-23
POR,Chad Buchanan,2011-05-23,2012-06-04
POR,Neil Olshey,2012-06-04,2021-12-03
POR,Joe Cronin,2021-12-03,present
SAC,Les Harrison,1948,1958-03-26
SAC,Pepper Wilson,1958,1969-04-16
SAC,Joe Axelson,1969-04-16,1979-07-11
SAC,John Begzos,1979-07-24,1980-10-03
SAC,Jeffrey Cohen,1981-01-23,1982-04-30
SAC,Joe Axelson,1982-04-30,1988-03-07
SAC,Bill Russell,1988-03-07,1989-12-19
SAC,Jerry Reynolds,1989-12-19,1994-06-01
SAC,Geoff Petrie,1994-06-01,2013-06-17
SAC,Pete D'Alessandro,2013-06-17,2015-03-03
SAC,Vlade Divac,2015-03-03,2020-08-14
SAC,Joe Dumars,2020-08-14,2020-09-17
SAC,Monte McNair,2020-09-17,2025-04-17
SAC,Scott Perry,2025-04-21,present
SAS,Max Williams,1967,1971-04-12
SAS,Bob Briner,1971-04-12,1973-05-02
SAS,Jack Ankerson,1973-05-02,1974-07-18
SAS,John Begzos,1974,1979-07-24
SAS,Bob Bass,1979-07-24,1994-05-31
SAS,Gregg Popovich,1994-05-31,2002-07-01
SAS,R.C. Buford,2002-07-01,2019-07-23
SAS,Brian Wright,2019-07-23,present
TOR,Isiah Thomas,1994,1997-11-20
TOR,Glen Grunwald,1997-11-20,2004-04-01
TOR,Jack McCloskey,2004-04-01,2004-06-07
TOR,Rob Babcock,2004-06-07,2006-01-26
TOR,Wayne Embry,2006-01-26,2006-02-28
TOR,Bryan Colangelo,2006-02-28,2013-05-31
TOR,Masai Ujiri,2013-05-31,2025-06-27
TOR,Bobby Webster,2025-06-27,present
UTA,Bill Bertka,1974-05-08,1976-10-05
UTA,Barry Mendelson,1976-10-05,1977-03-23
UTA,Lewis Schaffel,1977-04-16,1978-09-22
UTA,Tom Willingham,1978-09-22,1979-05-09
UTA,Frank Layden,1979-05-09,1987-06-15
UTA,Dave Checketts,1987-06-15,1989-06-01
UTA,Scott Layden,1989-06-01,1999-08-10
UTA,Kevin O'Connor,1999-08-26,2012-08-07
UTA,Dennis Lindsey,2012-08-07,2021-06-27
UTA,Justin Zanik,2021-06-27,2021-12-15
UTA,Danny Ainge,2021-12-15,present
WAS,Harry Hannin,1961-06-01,1962
WAS,Frank Lane,1962-05-07,1963-03-25
WAS,Paul Hoffman,1963-06-03,1965-05-05
WAS,Buddy Jeannette,1965-05-13,1968-08-04
WAS,Joe Sachs,1968-08-12,1970-04-18
WAS,Jerry Sachs,1970-04-22,1973-06-13
WAS,Bob Ferry,1973-06-13,1990-06-12
WAS,John Nash,1990-06-18,1996-04-30
WAS,Wes Unseld,1996-05-01,2000-01-19
WAS,Michael Jordan,2000-01-19,2001-09-26
WAS,Wes Unseld,2001-09-26,2003-06-30
WAS,Ernie Grunfeld,2003-06-30,2019-04-02
WAS,Tommy Sheppard,2019-04-02,2023-04-19
WAS,Michael Winger,2023-05-24,present
CHA,Carl Scheer,1987,1990-03-26
CHA,Gene Littles,1990-03-26,1990-04-23
CHA,Allan Bristow,1990-04-23,1991-07-23
CHA,Dave Twardzik,1991-07-23,1995-05-10
CHA,Bob Bass,1995-06-13,2002-05-15
CHA,Bernie Bickerstaff,2003-10-16,2007-05-31
CHA,Rod Higgins,2007-05-31,2011-06-14
CHA,Rich Cho,2011-06-14,2018-04-08
CHA,Mitch Kupchak,2018-04-08,2024-02-12
CHA,Jeff Peterson,2024-03-05,present
NOP,Bob Bass,2002-05-16,2004-06-17
NOP,Allan Bristow,2004-06-17,2005-10-01
NOP,Jeff Bower,2005-10-01,2010-07-13
NOP,Dell Demps,2010-07-21,2019-02-15
NOP,Danny Ferry,2019-02-15,2019-04-17
NOP,David Griffin,2019-04-17,2025-04-14
NOP,Joe Dumars,2025-04-17,present
BKN,Harry Weltman,1987-03-06,1990-05-08
BKN,Willis Reed,1990-05-21,1996-06-07
BKN,John Calipari,1996-06-07,1999-03-15
BKN,John Nash,1999-03-15,2000-06-02
BKN,Rod Thorn,2000-06-02,2004-06-29
BKN,Ed Stefanski,2004-06-29,2007-12-04
BKN,Rod Thorn,2007-12-04,2008-05-08
BKN,Kiki Vandeweghe,2008-05-08,2010-05-19
BKN,Rod Thorn,2010-05-19,2010-07-14
BKN,Billy King,2010-07-14,2016-01-10
BKN,Frank Zanin,2016-01-10,2016-02-18
BKN,Sean Marks,2016-02-18,present
