team,draft_year,round,picks_lost,note
MIN,2001,1st,0.6,"Joe Smith secret contract; 5 firsts 2001-05 forfeited, 2 later restored (net 3 spread evenly); $3.5M fine"
MIN,2002,1st,0.6,
MIN,2003,1st,0.6,
MIN,2004,1st,0.6,
MIN,2005,1st,0.6,
MIA,2022,2nd,1.0,Kyle Lowry sign-and-trade tampering; second-round pick forfeited
CHI,2022,2nd,1.0,Lonzo Ball sign-and-trade tampering; second-round pick forfeited
NYK,2025,2nd,1.0,Jalen Brunson early talks; 2025 second-round pick forfeited
PHI,2023,2nd,1.0,Tucker/House tampering; second-round pick (reported 2023)
PHI,2024,2nd,1.0,Tucker/House tampering; second-round pick (reported 2024)
LAC,2029,1st,1.0,"Kawhi Leonard/Aspiration cap circumvention; five firsts 2029-33 (future, outside model window)"
LAC,2030,1st,1.0,
LAC,2031,1st,1.0,
LAC,2032,1st,1.0,
LAC,2033,1st,1.0,
